,video_id,ari,kincaid,flesch
0,sQ_BFNGg0CU,7.475,10.35,31.545
1,yvVYwkV1Buo,10.70796228,9.440338253,54.19567753
2,t9o7jGViy4w,15.53571429,15.63809524,20.34857143
3,kvQkyNOv4Rs,17.156,9.926666667,50.61
4,DUlLEmobwys,7.623653846,7.860769231,61.85923077
5,0ttVVGfydkw,9.5295,6.96,80.785
6,xQHL1JVl3bc,18.71965116,17.02005814,30.47799419
7,Jk5IXhB9ZXM,19.34956007,17.10129442,30.93454738
8,Vb-nz6op8yg,8.238727273,6.077272727,90.67590909
9,kcuUcHU21Ik,10.475,11.215,36.03
10,shsNVuFRKDo,13.86807692,11.9875,38.06125
11,HMe6iDvwFUw,11.963,10.795,53.29
12,4JLnkpdjoU8,15.79873913,14.09206522,45.2363587
13,6IulrGavrjM,10.61727273,8.009090909,57.23363636
14,0ju0YMLt2sc,14.23068966,13.43967816,29.69813793
15,2OFHQnz9vSg,263.0812577,211.5389691,-557.7298969
16,Y98ry3671Rg,12.27880952,10.81571429,49.57928571
17,LI4AE9ys4eo,21.44967914,18.74680214,27.27079144
18,87DX7150ovo,32.58172414,27.78172414,-0.814310345
19,M4BOOuJ2oiI,15.66877551,14.3295102,27.23691837
20,lshzaYhtOyA,15.41382353,13.99933333,31.029
21,80lIWoGHNNA,16.67125,14.42,34.425
22,dCpHGtG9AZ8,23.5801,19.244,28.337
23,4uQrCTkPrFU,13.69176075,13.07657482,32.36819556
24,t1cZrBYbdYs,11.199375,9.825,53.12
25,#NAME?,16.33136364,15.51727273,22.99590909
26,E3nTHnkZybk,16.8525,14.95492857,27.74007143
27,BZS0amkjOhI,16.82256881,16.07897248,18.61258716
28,p1sEh1IUsKM,15.93567568,14.54187387,30.34524324
29,imQ5qMqdoJM,9.234705882,8.74,62.68
30,#NAME?,17.77552632,16.48796491,17.46142105
31,MatiZeIGpb0,17.11083333,12.87222222,66.895
32,odKDsbjKWps,11.60777778,9.799259259,72.89666667
33,UOvWr-vMO94,18.17588235,16.89536134,16.32169748
34,#NAME?,17.731,16.38666667,20.325
35,nxS-LP1StvE,17.37297521,15.49758678,27.05547107
36,OgpVYTnsmuk,17.59669355,16.15941935,23.37912903
37,ECG6sZiJ3Jc,18.45809524,17.55704762,14.07128571
38,nyRrm-cCj9g,23.441875,25.23666667,-43.125
39,VXQ0aQHe9VQ,12.74741248,11.50789954,41.45026636
40,pLrDuFCN3BI,25.15348837,21.76139535,15.63186047
41,0bRS-6GDLy4,18.18225564,16.69828571,22.72171429
42,2N64oGaFQCA,12.48428571,13.47,23.425
43,xmJ3zYQhUuo,14.2432,12.2848,51.5144
44,QfE4CBG90tM,14.2432,12.2848,51.5144
45,AJ9QNdP9fHk,16.91364407,14.514,33.03862712
46,G11lr2N7gjQ,7.115284553,9.022926829,54.71455285
47,6lMJSzwffs4,12.32581626,10.64176697,64.75137644
48,yUZno6t4mTg,14.10705179,12.76872112,48.22304183
49,_L2dpW_bFRc,17.4821875,13.17645833,57.589375
50,Bkvp1kKQLcE,12.98689448,11.44756598,50.27762563
51,0Y4kAKn6bGc,12.73591837,11.54459184,55.93076531
52,Ika3dP47fAo,89.81664596,74.40962733,-151.6591925
53,yP9OxQM1wls,23.89594765,19.93757671,13.79098601
54,PLPdAD15Ndg,20.4927027,18.29405405,29.80432432
55,oCGgwc1Cb9A,17.72861538,15.79,28.165
56,#NAME?,10.82495238,9.419183673,56.62319728
57,4CBIYoDF288,21.19676056,17.64467136,31.78841549
58,drDU7X4kAf8,25.14828947,18.94842105,26.89394737
59,FnIf3OPDBFM,14.33673913,12.61913043,45.55521739
60,PuF0aJS_qaw,32.81085714,26.3497619,-0.343928571
61,V9FDxlZ_sik,22.44714286,20.17571429,25.21928571
62,0phXsBQW48M,15.5343,13.14133333,54.279
63,LMvNeaUMRlw,13.28662765,11.96562709,53.65428233
64,OaxRva_GajU,30.28567308,23.76074359,35.85092308
65,WGw-7Y0xEV0,13.31265306,11.78540816,54.20423469
66,asTNBEltQQc,26.96005814,23.41553488,-11.54495349
67,Wd5Qmjt3egI,5.707,3.65,86.705
68,QfRpnA3CKos,19.97090909,19.9869697,-9.049545455
69,sBx5OHKW2nM,14.3462069,11.58896552,63.62758621
70,RABThDFW000,15.31953517,11.71796517,55.99740025
71,Lq2taGJseak,17.32758772,14.47421053,36.41114035
72,xuNEnhCZFLo,11.45117647,8.392941176,65.16823529
73,40UJSG_B5vA,37.31066165,33.41266917,-26.04595865
74,8CBC8vf8K_s,11.09711009,10.50374312,58.58414679
75,1Zsyast6s9Y,10.51427929,9.121833028,66.64777537
76,Yhn2qguQfUM,17.28205128,15.42147009,26.17630769
77,sQ-0RkPu35o,12.14785714,14.31285714,17.38214286
78,GZdmuwRYNAs,13.10551724,9.596034483,52.08991379
79,x93I3a30FEg,6.475,-2.23,118.175
80,ZCpSiSS0Yv4,18.65470588,14.64,20.38
81,oIyXFT6YGBE,7.895384615,5.818461538,76.50153846
82,Q4p6Suko25A,15.64490385,13.73930769,33.60569231
83,LedWl2QTy40,31.87490737,27.48874623,0.476600603
84,JHgUzLCWqvw,0,0,0
85,QMzNnvkYOF0,11.12421053,9.209473684,62.87631579
86,ufCiGz75DAk,15.68735931,13.80571429,41.79761905
87,DBXgnMfVFzI,11.94714286,11.42380952,50.56285714
88,7QL2CaJFn_k,7.6525,3.67,75.875
89,29KdXZH0niA,11.74394737,9.830526316,58.42368421
90,SA-sug6P0fM,16.07825243,14.78380583,25.76095146
91,u3QmJbB9lvk,33.96416667,28.01804348,3.428405797
92,nDxfxIaRfQ4,13.90426129,12.81235857,47.85929487
93,nSwBbPUUduQ,13.50397436,13.18153846,31.43012821
94,jvg8EmtWF78,8.986,8.092142857,68.21535714
95,m3xKf7bNQ0Q,10.32563291,8.692246835,67.92039557
96,wP3Bra09rcQ,10.84877193,9.934035088,57.68157895
97,Ef-NZtTVSMM,12.55941176,9.781176471,55.21529412
98,f4D5IgUYn3w,16.31906393,13.74178082,39.88118721
99,Rg-ao84fnrw,31.81924528,27.78943396,-9.77509434
100,ScjyYj7UdsM,-4.37,-5.524444444,150.7
101,nTQcW7frfSw,4.722857143,3.997142857,78.87285714
102,usIZ0YSQFD0,20.55142336,17.57771898,30.04205292
103,aVWZDhk-DVU,12.96769231,12.17230769,30.94769231
104,ItjPn8WxVSA,7.905454545,6.936363636,64.92454545
105,Ex5_Z-DpJ0A,24.40084034,19.80196078,43.92882353
106,J4AacdAkP08,10.20731665,8.204052344,70.55338654
107,IVz7xJxHOjk,10.94090909,11.22681818,43.96022727
108,Grw7zvY9gY8,9.900457356,8.196682697,70.60214741
109,KtT7zvYJekA,25.14281818,20.23568182,23.45352273
110,jPrElTL3rrA,19.76181818,16.94666667,32.34
111,QFc-5oXgbYY,25.14731707,21.98536585,10.46390244
112,IkoC3HZwe7Q,12.68972789,11.24938776,43.50156463
113,mco8vQPhFho,23.54969325,19.45035276,28.1933819
114,JNUmKulUWec,13.85192308,12.25,53.545
115,49OlI6LmMDU,20.35910256,16.42423077,39.05410256
116,HvcQdJcN6mk,10.46571429,10.94142857,41.55357143
117,XeZgKLfIJn4,5.813787879,6.220909091,76.58469697
118,H-8wC490oEs,14.1235,12.6275,33.0275
119,oj0pjco--Yw,14.64771739,13.9033913,28.15465217
120,Wa7yYFPVb6o,18.69136364,17.12545455,31.05818182
121,LCdTfQXDK34,27.52755424,22.36934911,35.02116371
122,8hnvY6_Jpvg,9.677882864,8.826424548,63.16862099
123,l_9vgXkmVnk,10.79138211,10.17414634,46.46089431
124,3NRpp1pBN2E,0,0,0
125,K4SOS9okas4,10.50447368,9.52,60.65
126,7Au-MRjoHYQ,10.75852941,10.12823529,52.72705882
127,UeXD730uIII,9.718064516,8.345322581,62.83798387
128,bhOF3Kx8CEQ,9.236875,10.07083333,51.3575
129,99CLGZNuFqE,10.13263158,9.209473684,62.87631579
130,auIwEV1SiBQ,16.649,14.99,41.025
131,k22zlWRzbk0,13.17227273,13.06555195,35.67547078
132,QTKS0AUbEao,65.5538914,52.49323529,-84.47544118
133,U3z9nMMklFw,13.28735842,12.86848739,36.53827731
134,mbD2oAjPU0c,10.44386364,10.15363636,61.45045455
135,7VQfOt_2XG4,15.4794802,13.33027228,44.46417079
136,WjyQTmJBXFg,10.272,9.96,32.56
137,Uk6U9ROn_MU,10.85813346,9.70819169,60.38921231
138,1C2WpZA_L4E,10.16333333,9.43,39.32833333
139,JJoyWK58CvY,16.08210526,17.28315789,4.992105263
140,kDF2-ScA5gw,8.763297123,7.582977099,76.59258661
141,rDoCCS-fBls,13.9592414,11.81318028,55.67490556
142,JqJaVvLO748,9.932621704,9.262782285,65.11338742
143,DghH1bas9SQ,18.21813233,15.43042714,43.50751675
144,povArl9xZSg,13.52666667,12.42148148,54.09666667
145,Sev0xmmU6LI,13.58165254,13.00541667,41.22727754
146,_f-KFSSzzlk,11.49588539,11.36242729,44.2210493
147,iUK-odLKD-k,18.04,16.71076923,-1.590769231
148,CJu37EU9qEk,11.04545455,13.37272727,18.77909091
149,zLbAxztnnfE,27.07284568,23.30740286,-5.042774894
150,f6HtqolhKqo,12.0783871,12.09195699,41.49793548
151,e8c5AZFKsJ4,17.83327869,14.48860656,45.51028689
152,EO-tN64_IvY,8.646431393,9.203732097,54.68483222
153,wH6aT1GzY6w,19.88052632,17.24052632,39.13868421
154,dPomv-2PEeo,114.055267,93.94898911,-196.7543909
155,_P7nLJWuvks,22.18358974,17.77384615,37.09615385
156,3R6gfAa2w8w,14.67736842,14.79894737,22.80263158
157,fIsuxH01R90,111.7024299,91.41485981,-179.1796729
158,UTuF58aK5po,7.6525,3.67,75.875
159,zsVRO4IZoFw,25.12953917,22.34398771,12.16741014
160,mLmKq5bQOg0,10.09563452,9.783811168,52.98783858
161,ayuVb9-nFVo,15.09761398,11.26620061,62.125
162,dKYxRDO2G_0,5.761950854,5.124789554,90.72955798
163,1EEJ1Hm66mg,15.92638614,14.00205446,39.64783416
164,VJgnv314808,13.03711286,11.06185039,53.45477034
165,wvMoHXD3agg,21.21023256,13.80325581,72.68767442
166,YICvHsKmjzY,14.4686646,12.8768323,37.85543478
167,p0VF1FjLt-U,10.475,8.756666667,53.655
168,18japm2PugI,14.40138655,13.73319328,39.85794118
169,nMoJ7TZN7l8,18.49531498,15.52778947,48.81498785
170,EipqFlmxCkM,23.36,19.31403185,40.4807293
171,nJfB32MtqBA,14.37919969,11.56610723,40.43924631
172,wbShOXhO6p8,17.63392857,14.8,38.825
173,#NAME?,20.79609677,18.02185484,34.87278226
174,IVH_6ciQfZk,18.78356242,17.12005464,22.46540353
175,a58oCExOxpw,7.298571429,6.930349206,67.81742857
176,GDlPAQakzo4,16.23346154,14.26871795,35.50961538
177,KReNoBISy3A,0,0,0
178,cmUXo4Crrm0,9.884736842,9.830526316,58.42368421
179,numUKaH34rQ,9.681075141,7.442548263,77.1883665
180,TBv3xQUGsXA,12.35589002,11.73155412,50.70003972
181,pD7YdUdEHdw,5.05,10.20888889,37.9
182,HGuGIM54pK4,14.65073276,13.54715517,49.58836207
183,EAuf42kd8Aw,10.10742857,7.642619048,71.43821429
184,hfLn2N8KepM,8.679340824,-2.168146067,137.0268071
185,52sEiZzYP0I,7.145714286,3.676428571,87.40607143
186,8dgoeYPoE-0,11.34904762,8.895238095,68.69142857
187,nmWtsPzd-GQ,12.83316327,12.40297959,41.04916327
188,nSuBzZR6llY,19.38575556,16.31264815,38.22141667
189,87TCC0iWB3Q,26.84281385,22.13866522,24.50418831
190,xlxVZhjfo6s,24.934,20.57777778,27.68
191,Lv4r-P6H7bU,13.23369329,11.40348706,67.16254593
192,AssXudMGZ8A,19.68696912,15.22158548,54.99876472
193,OMn8Tq5Eyao,12.63848485,10.48755556,55.138
194,tTM1oaEWoEc,6.944666193,6.002869318,72.75065341
195,a4gT5s-SXSc,20.37782609,18.00608696,6.933478261
196,YtrM9STzEjo,12.8130569,11.81580952,46.37842373
197,IMPzAdVOhKY,11.75189189,11.71689189,44.00885135
198,t32eoUB42rw,10.83773748,9.490192555,57.77021181
199,KJDNHjJgbD8,10.99413793,11.22362069,40.42094828
200,_1uqL32ASRE,7.640318366,7.176407915,62.87371639
201,_JfEDVR5er0,13.16306444,12.08077718,48.57125676
202,RQCq-FzeYgA,11.07255435,10.11969565,55.28182609
203,fUkKK1BvPvg,11.003125,6.875,74.27
204,S09YWIykt2Y,26.26897337,21.84502062,30.5872646
205,sRxqRU6CCJA,20.99872549,17.74089869,35.99654412
206,_9hPFlSnnNk,11.77253731,11.47480597,36.66086567
207,XK0r8kINlTw,20.1767573,19.75418475,12.77397605
208,i90i0YXq5aA,12.11153846,10.16884615,56.88865385
209,9mp8YkNqbBE,3.78546875,3.6910625,91.3976875
210,XfyGv-xwjlI,12.40987952,12.12177711,45.11350904
211,qvhHhDNjtxM,18.97506667,15.11,46.10166667
212,9A3gDnv56bs,18.97360704,16.93372434,28.87058651
213,Pdec8clsV7Q,9.39021978,5.955921856,82.13153846
214,B6jI_B8ExIs,9.021965484,8.200982742,55.22176174
215,qG3OyONVbEQ,10.00212121,10.65454545,51.32848485
216,MMwdz1kLsFU,12.05473333,9.554,56.25033333
217,sT5SmIM60zo,19.50037208,16.85197496,26.41833806
218,VLOKMjHEyhY,16.40365591,11.88290323,46.67768817
219,St9r4pc2QmE,12.02190476,10.58095238,56.60571429
220,32F2hQTncQ0,11.32278177,10.33818467,58.72120413
221,9ccIlIId_R0,16.83655172,14.43724138,43.20689655
222,9IaRuSxJO-8,9.859221502,8.441070576,70.08166269
223,w7Nq9uQJOXE,16.94482759,14.43724138,43.20689655
224,UtLtPgYc0mk,9.75969261,7.589980379,63.1529758
225,#NAME?,16.45758621,12.67402299,55.84827586
226,JkgXZ5EPwDA,8.984285714,9.054285714,42.61571429
227,hhWGKAcHbO8,16.50012438,14.88197761,38.08883706
228,froHNJMELT0,4.849166667,5.151111111,79.505
229,#NAME?,9.960549828,11.03046392,44.77428694
230,eawWLRnX_gc,19.65172414,15.65793103,34.45517241
231,J1TorkgpgY0,13.00950542,11.22262286,61.47748587
232,hv0bBW_Ah0Y,14.97715686,13.20588235,40.75480392
233,gGeLxjgUNG4,13.14217391,12.70463768,44.94217391
234,vhF1aEOaIzw,17.10572727,14.91848485,41.53772727
235,Ows34T0UjsM,6.455531561,4.980498339,81.23709302
236,HRTKfRXwBTg,16.73260417,14.98088889,38.953
237,X_e8bXcS1BA,15.98572464,12.4026087,60.76268116
238,qYBou4o9vNI,9.288333333,7.163333333,75.765
239,JMknA_CCnW4,18.79198718,14.42042735,61.13846154
240,Gfr364SyQcg,20.47001545,17.23280671,38.22251986
241,910K7B_1b6I,15.90795918,14.43438776,35.21239796
242,Aoy3ZCZwbeo,16.42377305,14.30489362,48.31166667
243,MsGmoVknaZQ,18.60095238,16.57460317,13.63428571
244,bbqOggZHtaM,10.32022704,9.028433437,68.6864066
245,hkrK-vg7KD4,24.69094796,22.76587699,-8.010700894
246,mjnseqLiVXM,14.13523303,11.08941176,70.03794118
247,TJ7EagZKN5w,14.61683853,12.60652157,57.1871555
248,jwD7bJrYH6U,11.76635,10.637025,60.5451375
249,imZwSsB6eGo,33.79683298,29.56097252,-12.43718816
250,ayd0yO-yNZ4,12.40689362,10.89840426,58.7825
251,1WrdzNJ4A44,10.82056243,9.882564679,56.52393701
252,L77b57erQ4M,26.44063116,19.92556213,52.54187377
253,Ab9OZsDECZw,7.097183099,6.401521127,74.45861972
254,geO2L3fzF5g,27.82468085,24.08042553,6.13
255,QSXWXPWUWEc,9.384784236,8.194778325,73.20448276
256,596LMJTJFsk,10.8675,11.70666667,32.505
257,F8UGIKR3okA,18.20589147,16.72023256,26.24531008
258,Op8K7yresDs,20.11382263,14.49376147,55.86308869
259,dpNpHXB52ak,17.17545455,16.51812121,23.65718182
260,xchGJ4UxCPE,8.881458774,8.902542072,64.93437125
261,eOhz3cGmlaw,11.62731129,10.18420561,51.36672538
262,FkkK5lTmBYQ,11.74471429,10.115,53.7125
263,nTyL81Ls3ys,12.01561634,12.61743023,35.29987954
264,lEutFrar1dI,9.971065197,9.547548209,50.55748393
265,74s6eiBBBFU,13.72519557,11.12159046,56.53469503
266,_KndwmMEwXA,18.09544251,16.49581882,28.95682927
267,e_oUWPdb9xM,20.04080504,18.24322014,26.35213115
268,LvaVsnHbIbI,16.51133808,12.70564371,53.95920982
269,ISn43u0BiEo,24.9534,20.35133333,38.209
270,AoHvkrcr6EM,13.16908193,10.36518938,64.89536744
271,Usnu2ySuhcU,13.63365854,13.12695122,37.46164634
272,WYa2xthIbDc,18.60632316,16.45401059,25.417801
273,9iMGFqMmUFs,7.499237288,8.9625,57.07730932
274,7-cGz2eLyb4,7.940591065,6.261804124,78.96315292
275,oozg7j3qpEY,4.985588235,5.347205882,79.43492647
276,Aw8hufhIDu0,16.92871658,13.8871123,56.0565508
277,BFUis11qaQU,8.729118951,8.167530364,62.09720648
278,8nEmsR68FhA,16.44350386,13.52891409,55.73035956
279,341CnFGQwH4,13.68056911,11.16308943,63.71239837
280,1p1cMFscF8s,16.28925729,14.84015426,26.41192203
281,z_3S2_41_FE,11.67400901,10.45432432,64.04427928
282,53WxEvd7-_w,21.41015291,18.60752294,26.3695107
283,iGK0rHkOoVA,57.24845455,44.15181818,-25.56227273
284,s3wUYhJmdbA,17.38148958,15.0175,34.89083333
285,-32U9eU1hdM,16.00836066,14.83341639,27.82756721
286,RV_lBWGgK1o,22.14074848,19.02345324,34.85048976
287,#NAME?,20.37952555,17.92224453,27.57197993
288,#NAME?,9.514210526,11.09394737,32.44513158
289,Oyy-3yAwcvo,11.11540541,10.44121622,53.1547973
290,BF7N0LPdItk,18.67571429,16.2,16.32
291,VAweyqtb7D8,16.88730469,13.43765625,55.71671875
292,L-a-dKhuYj8,19.04601504,16.00907895,39.50730263
293,pgUA4ScsRWQ,10.07028274,7.934,64.77766667
294,fRZduVxlP_U,25.31518519,21.08827984,30.43192593
295,qFFPcIcAUUs,17.66333333,14.60735669,36.94080149
296,Bkji1VNnolA,13.20931034,12.26712644,58.76551724
297,wbWL2wfvsM8,14.15471115,13.40530228,31.82284819
298,It6Eblem5Zg,8.342926509,7.320299213,72.73979265
299,uia5mqvTeh4,15.3342381,12.55857143,46.58309524
300,MdXWF-vvQMc,5.236,-9.92,183.995
301,X2rOWkOcq9I,15.14153846,13.53384615,21.18615385
302,afYCN3Upy_w,10.92968992,8.934883721,56.53317829
303,VXFRWFHx6tA,15.30570631,12.00820771,48.35202122
304,2YVVfWIoHkw,14.78803306,12.90135852,46.43779352
305,MFmjLloYN7A,14.7222807,12.0585942,51.63630547
306,InH8t0UNs4k,12.8996631,11.21858259,59.00375825
307,W_evi9lanBY,0,0,0
308,Mj0T_byeKtQ,14.00605691,12.33829268,55.28678862
309,orqdxsg-Dr4,16.80655902,14.20461361,50.41592464
310,mRVZ9lkubag,14.59748031,12.99159055,47.15951181
311,HOwqo56BKQU,17.68939751,14.49783104,51.55926785
312,WBjchfwi1jA,12.87,11.45546512,51.22645349
313,tpPGevlDwWQ,60.27649598,50.21036145,-67.81154618
314,fHui_Q6ld10,10.99146341,9.961097561,60.15920732
315,6t4tBmbPko8,16.8302381,13.59190476,47.48642857
316,8ZujKJYrEJY,4.772108369,3.383366416,96.7429037
317,cW1V2_GTAlc,19.47432432,15.7427027,48.09621622
318,T9wPrmfQ0vw,18.80300064,16.91212989,42.87842089
319,xJBqbv8GRZ4,8.648636364,6.453454545,72.30518182
320,wjIp17OaN_k,5.531047619,4.805714286,81.38761905
321,BzP4b1b-RPs,13.1,10.80416667,48.32625
322,ux-A-WUMTjY,18.61559406,15.28720297,30.43397277
323,DyGIvs9zrVA,14.05354839,14.24894624,26.03341935
324,prFYht1NwmU,11.45625,10.72333333,39.555
325,bBZXkNbpOGQ,12.50875887,12.11148936,36.13333333
326,RudR2_VVoaw,12.55576881,10.89483097,50.28427481
327,wch09JVlXKg,13.55095791,11.09339623,59.0971045
328,jDYm0i5zT68,10.07590909,9.045878788,53.71881818
329,L1qDCZsqxxc,11.59894155,9.927618894,54.21934919
330,sLn6OoH12uY,9.620199387,8.137845092,73.00836273
331,S-3nfpc_GiQ,12.63500017,10.73476339,66.72930549
332,aC0_yOlfY4U,11.53954515,9.523043478,58.29904682
333,5SZCajunA-0,10.80518847,10.75228574,50.94630772
334,KWBjfoioS20,15.9121875,11.64,68.605
335,lOeQLJCVOdM,3.185384615,3.095384615,96.02461538
336,weZZT8U9NGQ,12.55385084,11.34625571,42.60917047
337,US5aP7qT36M,12.45742397,10.9676093,56.25587907
338,zD9aXZY0pdY,12.3555,10.01727273,58.86590909
339,MOH33-jFOwo,11.12,12.40777778,38.165
340,2KnD9MzCzsM,11.54905125,10.19223555,55.32152672
341,LuJd0z1JAU4,14.13301339,13.66642857,29.65
342,_cu7Xt4wb1M,18.9,15.07619048,24.37714286
343,P_NoKv4kr64,16.25274373,14.37117647,43.26952489
344,rTbIazck7rk,13.89072727,11.06545455,54.91318182
345,UDuGJHbAIbE,22.30022727,17.12454545,50.65681818
346,KiouveG278Y,14.30854241,12.24686643,36.24220416
347,r8avZUjw_zI,38.46015082,32.06601234,-13.05154822
348,vzA7Dj1pCOg,16.88608108,15.00547297,36.90658784
349,Vujm4opryN8,5.716244508,5.347999483,81.25234557
350,J97G6BeYW0I,13.41654545,11.3569697,40.35545455
351,LerY4Y1gz5E,16.12010833,14.37364233,43.59925863
352,k_wNE4erBLU,8.949122807,7.360526316,64.85201754
353,Md7PssTAvz8,10.97914644,9.634101335,67.07919283
354,kuR_Lwcp67U,25.72141808,21.785,26.44608757
355,t0JF2Gbv1XQ,12.84545918,11.48373299,45.45784439
356,ZfSlQJk59Ng,14.54036842,11.86934211,52.26664474
357,_VuxMIc3fOA,28.00655418,22.30316804,30.94394399
358,IpPHCLrEmSI,40.5195,35.34333333,-51.465
359,tbMzKylq9Bc,22.615,17.35,24.105
360,PUQFQVm96YM,12.73882075,9.824143082,60.02791274
361,xdVJkkCquHs,14.47535616,12.07767832,60.0577972
362,5I-Wr_s00aU,14.59275,14.63,25.795
363,3jSCSq9bKwI,16.07827434,14.74608407,39.65682522
364,8mOjYFwmgxk,11.34937359,9.178462522,72.75107214
365,n4hTBVFyyKs,15.58812349,11.98393825,55.34120858
366,8gAO1wfdHnc,11.50623054,8.582849024,73.46213862
367,XFxMOiJRZQg,10.46899596,8.008571429,62.66548023
368,xNf--q0YMq8,14.37919969,11.56610723,40.43924631
369,diG519dFVNs,11.53097484,9.111320755,61.20522013
370,6HJfr00CIqM,11.51253084,10.72558801,49.75673434
371,XOZ-Yco3Ykw,21.504,17.78285714,29.90714286
372,epNcLy6knx4,16.81489655,12.94528736,53.90344828
373,D8K8MkKHJoc,15.61407895,13.22893801,48.94881053
374,gQBkfKUxh_E,11.82659946,10.91543011,53.61397849
375,loUuq7rPTH0,6.943015832,5.852088866,81.92758938
376,NsISWyyuf80,18.80163073,17.89995617,23.56941891
377,hFMF3lJUcAc,13.35526316,12.93578947,36.16052632
378,oiAO69i7fHc,9.222376333,8.533345607,70.11210576
379,Yl3z1ql_RXc,11.49857143,10.3,58.62
380,f0D1DePVVdo,8.595605756,7.584457424,73.32654843
381,RBl-lMHlDu0,0,0,0
382,5RXRr8PKunk,9.513394646,8.593316336,60.54441268
383,Y4MLtncnx-8,15.56530348,14.12634248,40.64533421
384,rPLjSY00JlE,4.195,3.84,88.905
385,rfepM3L7Pqc,13.91211921,11.16390066,41.91777152
386,hep2KRYD2j0,19.5535,15.77666667,35.385
387,jnfH_Napq9c,11.2128607,9.675223881,65.47412935
388,NDnC0-rw7KA,11.58717286,10.87136531,54.24958558
389,aJ4s-IiKM5Q,22.0004,19.48833333,22.1325
390,afH4-_xFVmY,15.64698701,11.83922078,52.16454545
391,HcT4K5KkTDE,14.51518519,11.72950617,59.05777778
392,LtdWg4ygm_E,12.87104839,10.00883065,57.81324597
393,LhXyJCa_b-k,17.17674661,13.37266771,51.4754562
394,pgUZsOGOlfk,13.41870098,11.64411765,51.95186275
395,JXygbkEjNIE,11.91093466,10.26929997,59.49629894
396,Zpb2VHgjCQs,16.02604434,13.60865741,56.68285256
397,Ptmlvtei8hw,15.35344279,13.12716418,40.72547264
398,PT5cFR296-w,5.246346255,2.934421163,86.87922734
399,N-X53P6RSUw,16.66611218,14.87666667,37.72730769
400,CrjjN2sXB_g,11.73107226,9.878426573,66.68892191
401,fqxcZK8hXYQ,16.79783333,14.55611111,30.7775
402,aLWlxC51YFE,18.68496144,17.28021902,26.60012802
403,fihS3YUlolY,17.69357143,15.79778571,21.69721429
404,PwH4oEz94qE,10.8739759,11.35628916,43.21009639
405,cnDgRMUyXyY,20.24236264,16.63017582,40.66482418
406,lSs1XdHx_8M,12.06766667,10.82777778,53.055
407,gP4u3F61Mlc,20.48316568,18.67839053,21.34930178
408,XX1ps4WHAtg,8.081782946,7.288372093,68.33782946
409,KxQTLP2KeaE,13.90050825,12.94554223,44.6276087
410,z0Pt-x8eKkM,30.65412587,26.23338462,8.861615385
411,rhmAyFY6dhU,16.2718595,13.2736157,53.7758781
412,AzUj-UTvZDk,19.90194444,17.67962963,32.42833333
413,jvQzIzzL_lA,0,0,0
414,ZRLB5I0ZAi0,22.82695266,15.41057692,59.82817308
415,PtKAeihnbv0,13.67810146,11.88473129,39.16236565
416,IE_ywuQoJSg,14.80811688,12.21518038,48.28941558
417,3hhpoOzUMxo,45.17254237,34.59166667,4.685466102
418,Ru5pFXXHRZo,25.34041802,21.88226537,19.71278857
419,qNdoOd11Vi8,9.198409273,8.854916067,59.08550759
420,aHtD_63rjFQ,17.14186047,16.2577907,16.79622093
421,uCpY8TtHuzo,24.72168571,18.26221429,42.05503571
422,vhukPv1se08,22.26410256,18.17726496,34.20384615
423,xY7e4XcIjs8,19.53499246,13.83201357,61.49803544
424,1iB68lO2K9k,9.566954178,7.294986523,83.21773585
425,6XEbW-uxsPc,10.74106169,9.861567644,58.58623674
426,rUK0EiV_31o,15.39835938,9.4205625,73.1181875
427,5HNFsjUwolI,10.37008997,8.873816099,66.87136016
428,ZeXuf7sOpzA,13.15067916,11.51861827,43.52204918
429,kaoRrzakjGE,14.26,11.80306369,38.4039586
430,ZA8GzhFh_CQ,10.27966351,8.602473186,71.02788433
431,lNAAzs4C-lQ,9.343175592,8.069522623,72.66836862
432,JSFiOF7xGfE,13.358125,14.25,21.395
433,hCicRpU3biY,7.739451318,7.717794513,67.09416353
434,XRolebcoL2g,14.77588235,11.86352941,40.28588235
435,ItE86GxFwWk,11.88043685,10.47021812,59.97753301
436,met9SntRZe8,13.25450327,10.30960784,54.79101307
437,6B9lnKVX7YY,6.840821538,6.386671429,79.24390165
438,m1DOnLhVuX4,14.44507382,11.64862471,39.84763792
439,IggJcAbecMM,5.848419378,5.707192362,79.84371287
440,HSJVVLcUcus,10.876,10.71333333,44.97
441,YdBXHm3edL8,13.54,9.57,33.575
442,IMLVbEzM0DI,13.21333123,11.48624526,41.46415929
443,WIpxrtf7QbY,0,0,0
444,#NAME?,11.78554945,10.94142857,41.55357143
445,ABeOnnq6k8M,13.12164663,11.08701923,61.88298077
446,5w1vW2VEZcE,32.94714286,24.96306878,28.29952381
447,E1myFSlpy-A,13.0914375,10.0575,58.5775
448,3lQZ4q_msGg,29.47865385,28.01769231,-13.19269231
449,Xa--z2elP2c,18.28833333,17.13333333,36.345
450,i32a5T-JsEc,19.76651163,16.79137984,20.62939535
451,SCV_m91mN-Q,17.96438312,13.95869589,46.41518669
452,rd2cf5hValM,19.27783418,15.18454315,44.67667936
453,KW8HnpSp6wk,24.7189779,21.74589779,19.7504489
454,Jvtb0a2RXaY,13.15244898,10.09969388,66.28994898
455,F4Lt0AjMxEY,13.21333123,11.48624526,41.46415929
456,jLscoVyV4zA,0,0,0
457,U_rZA3_SBlA,32.55402622,24.78595506,23.03863296
458,oioFVbsiwEk,6.608965517,5.730517241,79.8037069
459,BtqlMr1rUT8,14.37919969,11.56610723,40.43924631
460,PAab0M_6fuQ,19.7390625,14.66375,46.92625
461,_A6GbgUnEZc,16.55767442,11.91282946,47.94738372
462,q2vPQYP0dpI,15.67798837,12.23450581,55.21454942
463,jsxFbDIvQRw,9.01422619,9.600714286,59.47761905
464,my7lL8o-3ow,24.31372093,23.86527132,0.548139535
465,8JDuBDIy4C4,7.704919355,6.632419355,75.11862903
466,X87NbBTXixE,31.35723404,24.03975177,48.2775
467,rpPeJFFzJ5g,15.41492908,14.24553191,20.83333333
468,3lMehvXSJWU,15.84920213,12.46755319,47.5325
469,-71ld0iqAq8,10.64941679,10.36394303,43.2157946
470,ijjnqeS0pIE,21.95049066,18.50522442,28.70942292
471,Pr_-cUA_PY8,13.21333123,11.48624526,41.46415929
472,kb146Y1igTQ,21.49657492,17.95798165,31.02639144
473,Gazuoyf-lm4,23.02914286,20.08666667,13.39
474,B-IfZvygQnM,18.35235071,15.10752362,45.24449393
475,CYGLevDEj08,8.5875,5.78,89.245
476,UEt6sC6qdlA,15.24195122,13.4147561,35.39823171
477,oc0nFa2dA0M,28.07222488,23.08032297,22.65101077
478,d6H_jPqjLKk,8.904416667,7.211666667,67.10666667
479,BCSdVZtWOaM,16.95405263,15.77136223,29.79849845
480,fSYFsrurYKI,12.8548182,11.44,55.65307692
481,Ylkj2ORlwXc,13.25049296,10.94376761,48.2159331
482,Ekqq6DE8vGE,3.373717949,1.405384615,100.4229487
483,iKKF5yuxvg8,13.21333123,11.48624526,41.46415929
484,pqjgCORDIys,48.24971831,37.27410798,17.51355634
485,irZC2hV9T-0,18.93091908,15.20376623,49.35696803
486,fR3NxCR9z2U,35.788125,28.360625,5.721875
487,YBY4MSgZLDA,14.71811538,11.88855769,53.24206731
488,Ep0kFZiWUJI,11.41162242,9.089513274,63.43952065
489,wQ1QGZ6gJ8w,11.9974,12.33316667,40.03575
490,xaz5ftvZCyI,13.09253247,10.26145455,48.92218182
491,dC7y9qB3tcA,18.46925926,17.01037037,21.19666667
492,JXnpt72MZl4,23.20661765,20.40235294,9.345588235
493,GNghXeGlTdI,19.06104396,16.09648352,45.81423077
494,tpjVmLIUWCo,13.21333123,11.48624526,41.46415929
495,LijHvJcVuCI,25.3302,19.958,41.029
496,2TnieMq4E14,26.64717822,20.28618812,39.56660891
497,Id2E72P8Fe0,12.94493432,11.70109606,41.30202176
498,eTqPsqnbwoc,37.95619048,28.74031746,1.218571429
499,0vyLi8BVi8I,2.080626294,1.538051242,95.98380564
500,dPKvHrD1eS4,45.18,34.86703822,-15.09982484
501,iTjDi2ZO0n8,17.61196856,13.86720437,48.82043062
502,1teEi1piQrM,9.615271318,7.837209302,64.40294574
503,7fuLw031H-g,12.44361702,10.9983617,41.3235
504,VgnbRK8pij8,16.66666667,14.60666667,38.43
505,ArmlWtDnuys,12.43359929,11.48382979,40.63333333
506,1a2Fsfa8e4I,10.70945143,9.876685714,56.0572
507,-8HmZjScLe0,15.28303846,9.073076923,76.32192308
508,h0zD1gj0pXk,8.376163522,6.88490566,77.16748428
509,9tAbhNvWi90,32.69695652,25.18043478,-3.537608696
510,MKKrOHNN3xQ,11.66843931,11.21017919,45.50440173
511,mvqyBhUJATE,0,0,0
512,zPdwsCTp4gM,10.06257143,9.777857143,56.12964286
513,NouXeM-NzX8,15.61535714,11.76571429,60.57928571
514,5qBJNZeIavI,12.82610248,10.36185559,56.61806289
515,IpedthIpUnY,16.47833212,12.3968818,56.30857868
516,C1pIuddZ7HE,14.00562066,9.193177083,79.81467014
517,H-qREcJqUhY,9.719096189,8.917114338,58.31668784
518,0xgeG2gtI0A,23.49212121,18.0180303,54.04704545
519,Xe7PKGINr9Q,382.3662418,299.3264126,-695.5371616
520,Q6toBA7SRkY,15.67321429,13.81101587,40.92842857
521,Vgo6TXqQKMg,14.56348,8.32,79.94
522,l0V-Xmps1mE,4.153529412,8.548529412,48.91338235
523,k1qtkFqQDBs,26.52847059,19.93441176,27.83985294
524,VIrkurR446s,13.21333123,11.48624526,41.46415929
525,00jbG_cfGuQ,48.38486188,37.24201657,-10.75399171
526,yIc2XFNLhm8,43.29925532,36.17450355,-38.7225
527,zU-5GcqzHNM,18.27782609,14.19688406,54.72619565
528,hg1gPLAG9Q4,14.16298155,9.164607465,80.61320034
529,ea1sXgd5ui8,14.98381868,11.40655678,52.97653846
530,ZHTdmMJtY5E,14.25766667,9.861428571,65.9202381
531,WI8_9PIyWN4,14.31933602,12.76368209,39.68443662
532,Z36dUduOk1Y,13.78,11.20178981,42.71478662
533,czY5nyvZ7cU,13.77422819,11.04918792,42.38398322
534,Of1Aewx-zRM,29.91309237,29.74698795,-68.93100402
535,f_4Q9Iv7_Ao,18.82079038,13.92927835,52.78573883
536,x6JGB8sTvUw,23.95632603,19.2740146,38.21472019
537,CWJcgEDBbKU,67.41466292,51.92106742,-39.40794944
538,JlZjNrp_dHY,8.716857143,9.777857143,56.12964286
539,LylsVQ8HFIw,6.582727273,5.864090909,62.81613636
540,3UKB4T4g4Ls,12.18863527,10.0192029,59.6436715
541,YcCqXGrqxAo,10.6786,9.029166667,63.72375
542,lqbL-UhhyPk,11.86641026,11.64923077,50.13410256
543,f2HnkDGuBqk,15.75096085,11.95618861,59.39179181
544,sWN13pKVp9s,14.81697479,11.92848739,52.79676471
545,DqsvwHG9c-M,13.34609403,12.92931284,42.56803797
546,L8AybjTBKF4,17.87200935,15.24436916,33.41272196
547,QA2_uA0qJls,3.185384615,4.003076923,89.51692308
548,qt8goLiew2o,17.62611111,15.91777778,29.03
549,LWDQyaKVols,31.69113725,30.86,-75.72333333
550,XSWIxbgr1AY,11.30589633,10.81998269,45.76838597
551,QRLZwXL6w1c,14.1647118,11.87288201,47.99090909
552,_g9r64ICTsk,9.706923077,10.35692308,43.96307692
553,J0Y1MlanzCk,13.85581395,13.10197674,39.42180233
554,sT-IOqAzf7k,22.99833333,19.42777778,19.895
555,da1vvigy5tQ,12.06628534,10.93451677,50.11283366
556,ktQzM2IA-qU,15.60288889,12.85166667,42.9975
557,cc8sUv2SuaY,11.92801777,10.61396104,45.55522727
558,_eNgRJ_QTBM,20.20428571,16.80428571,49.39071429
559,klqaNGRnlDs,10.78833333,8.614285714,70.70571429
560,0uSKKKrBmaE,12.61308337,12.33220779,41.78324675
561,WNt0puFwrTk,14.70838235,12.40205882,51.56426471
562,tbxgQS3RPvQ,0,0,0
563,LVgzOyHVcj4,4.230628415,4.817622951,78.63058743
564,VUo2XW0z218,4.631161388,3.43458371,83.5591908
565,t0nVO_DOmVA,12.75818182,9.618181818,45.69727273
566,_WhjX5xljD8,12.05323529,10.08833333,68.1525
567,SDzJKaBvOGw,33.41867647,26.54764706,25.84441176
568,Hd4kvlF1uCA,0,0,0
569,YWj2RGPE0Dg,5.786666667,3.226818182,84.98939394
570,PxPKW04fSoA,10.63010753,2.747419355,112.1744624
571,7vwKMmqSzsg,29.50449153,22.52,38.69067797
572,jzeYIytL3wo,18.34210938,15.6893125,28.1744375
573,S05_qhpx31Y,19.33,16.816,19.028
574,QUgwOq0SSTs,12.07792278,10.85307393,52.46261598
575,R0JWXowK_HY,10.59930178,8.864612737,66.70582329
576,tSLjM6cZaTo,20.21102564,16.16017094,48.66538462
577,Jd8QFD5Ht18,14.48201613,12.25780645,51.35170968
578,cUU4blxYRF4,30.88,20.2,-47.98
579,eUiSCEBGxXk,28.81564356,25.13470297,4.805222772
580,_sMkl9fVfoE,18.75506364,16.40436364,26.02718182
581,Bv_0QWtqfVY,8.95252218,7.175756654,74.84475032
582,JjWDCldrYGY,18.05299674,16.67746254,30.1735228
583,Vd_0FgUXVR8,14.32529703,12.48324257,50.53694307
584,XQtPFByWrWU,18.95587897,17.71946331,21.77997262
585,z9aeU2Qw1S4,0,0,0
586,X2o_Z6hOpwo,24.65522727,18.73363636,39.12045455
587,Va1BZ7_hxSw,15.42442857,14.20178571,39.99696429
588,6reJRE9Rd7c,35.43701613,26.95612903,12.22919355
589,s6UXLavIFJ4,24.57325175,18.81683566,23.82986888
590,ETvIajBXFCw,24.26228324,21.67171965,16.72006503
591,s7jBQIojzS0,30.24125,26.73,-11.085
592,5KWAgKR9JBE,13.66135135,11.71689189,44.00885135
593,8J9DfeOYBKs,16.591,14.96857143,37.61642857
594,s9Lsyg7lgHI,23.02155844,19.04058442,27.12373377
595,w0nV-_ddXoc,15.97704545,13.80045455,45.10068182
596,mZwAHIHVomo,16.85264957,16.09383476,21.35579487
597,EccSnNgQP7c,18.28635135,15.64331081,32.33361486
598,Bn8MJALJsuY,22.33969512,20.22639024,8.469829268
599,MhCIrN9JFqU,16.23743354,14.53139877,29.5891636
600,WYAHes1A36I,0,0,0
601,_CUOjdA-VG0,19.10125,16.31083333,35.1175
602,WpSSVwKYsv0,0,0,0
603,KYQ2dPW5nEU,13.43330769,10.71673077,47.17201923
604,FHjK1dwlpm0,23.43025157,17.78245283,30.50374214
605,USBM2TOgi2I,22.482,21.71,-24.965