scene_count,object_count,id,speech_confidence,text_confidence,sentence_count,word_count,word_unique,ARI,Kincaid,Flesch,transition_words,summary_words,active_verb
3,137,0vyLi8BVi8I,0.863475732,0.92311577443609,64,1609,494,13.326198143256683,12.087186820229956,53.18165344352085,26,0,262
182,1568,S05_qhpx31Y,0.83754798338983,0.8703521069803921,208,4479,964,8.954991691998558,7.882829175039074,76.90037751494152,29,0,852
5,7,4JLnkpdjoU8,0.784244976666666,0.935797829583333,3,165,95,28.02145454545454,22.80909090909091,29.49363636363639,4,0,18
1,41,V9FDxlZ_sik,0.8980697416666661,0.7614096583695651,11,241,124,10.103923047906449,9.357035081101476,66.99976235382877,9,0,35
5,360,S09YWIykt2Y,0.871519528749999,0.8510381233333331,21,765,331,17.865383753501398,15.491914098972927,48.8764705882353,14,0,143
47,253,1WrdzNJ4A44,0.837321786666666,0.8664407558433731,10,277,75,14.830758122743681,12.210111913357402,56.85885018050543,4,0,45
23,187,jvg8EmtWF78,0.7918518480000001,0.8307550190822781,17,394,203,10.540341893102422,8.99247835174679,71.87078083009857,6,0,56
26,447,YICvHsKmjzY,0.8495097500000001,0.826904204552238,16,428,235,13.712242990654211,11.660257009345795,59.108983644859826,10,0,82
9,363,nSuBzZR6llY,0.815289032222222,0.7795444893719801,18,533,259,14.645668125912032,12.60673858661664,57.41912184698772,14,0,88
11,18,J0Y1MlanzCk,0.848393804313725,0.955250818661971,155,2755,525,7.102327264211699,6.22149991218313,82.11528247760671,29,1,524
213,251,-71ld0iqAq8,0.8662773857894731,0.8464564340225561,36,1241,449,19.28399991046647,16.28156392694064,39.73062595129377,14,0,170
1,65,HOwqo56BKQU,0.8616851361538461,0.925081162289156,35,813,328,11.480669478123353,10.015268318397471,64.63069372693728,14,0,147
4,8,Jk5IXhB9ZXM,0.8120080000000001,0.9779499942105261,5,142,100,16.353169014084507,14.349380281690145,42.76815492957749,6,0,26
21,214,ScjyYj7UdsM,0.85949045,0.9568095404811321,16,397,224,12.86529282115869,11.207278022670028,58.90572811712849,12,0,77
16,143,UeXD730uIII,0.83844232,0.8963519181118881,22,411,217,9.088719309887196,8.118293519132937,70.13280856005309,8,0,73
39,198,-vNVG7XJpVE,0.8771000999999999,0.9224140646153841,20,674,395,19.22157270029674,17.108786350148367,32.424455489614274,17,0,85
51,329,St9r4pc2QmE,0.81875835,0.8518056734,32,596,300,8.468993288590603,7.275092281879193,76.07693372483223,18,0,108
2,27,PLPdAD15Ndg,0.82168361,0.982715442,6,255,138,23.61011764705882,20.050098039215687,27.0104411764706,10,0,24
1,5,80lIWoGHNNA,0.8867940333333331,0.9627018033333331,12,167,97,2.78893213572854,2.98001497005988,98.48443363273455,5,0,38
21,401,IpedthIpUnY,0.854321549655172,0.9238743637925171,128,2094,623,6.934759133237822,6.534759879417386,77.3494320827364,24,0,415
3,31,H-qREcJqUhY,0.837702137142857,0.8293815303968811,114,1998,422,5.423518255097203,5.313131025762608,88.18633001422477,18,0,377
1,53,InH8t0UNs4k,0.8452470490909091,0.9200080416935481,35,791,376,10.966750948166876,9.723115044247788,65.60573451327434,9,1,124
41,557,-8HmZjScLe0,0.858211749743589,0.7897711988202241,107,1883,502,5.613749435430634,5.028448935631648,90.3552657570689,21,0,463
6,44,Lq2taGJseak,0.8577968250000001,0.85790213,12,311,167,14.048494105037513,12.312355305466237,52.94951902465167,7,0,54
7,366,FkkK5lTmBYQ,0.883925842,0.929066522192982,24,591,246,15.173667512690358,12.961634940778342,45.99392449238581,13,0,83
7,372,i90i0YXq5aA,0.85483020125,0.8401439493617021,19,545,244,15.122563978754222,12.290053114437473,58.038691453404184,13,0,86
13,256,L77b57erQ4M,0.7907444570000001,0.8590706019339621,46,1046,324,7.982557569207749,6.6801729154543175,87.66988777121958,16,0,221
5,58,Y98ry3671Rg,0.8449381033333331,0.9765189394444441,12,202,129,9.254240924092407,9.259158415841586,58.66104785478551,5,0,31
4,22,Yhn2qguQfUM,0.0,0.9650420171568621,0,0,0,0.0,0.0,0.0,0,0,0
18,129,drDU7X4kAf8,0.8033154950000001,0.824283950377358,4,269,136,32.715892193308555,26.122258364312263,27.558406133829024,6,0,50
1,148,IggJcAbecMM,0.853289231904761,0.9074300092777771,75,1391,514,7.465511622334052,6.844925377426314,79.02149206805656,15,0,213
3,98,nSwBbPUUduQ,0.8390906100000001,0.8863049926666661,6,276,153,28.567173913043483,23.47028985507247,8.723260869565252,5,0,35
58,998,SCV_m91mN-Q,0.815834629473684,0.909578470633245,73,1918,721,13.754108303455368,11.698559429771311,57.98652156212953,28,1,322
16,40,1EEJ1Hm66mg,0.849742951666666,0.948745783419452,12,360,226,16.949916666666667,14.858888888888888,41.965000000000025,6,0,53
25,133,Wd5Qmjt3egI,0.835596965,0.8450260239423071,13,303,173,10.618301599390712,9.700660066006602,67.02719725818739,4,0,55
23,322,JkgXZ5EPwDA,0.821938052222222,0.833081252984293,36,740,302,8.833453453453455,7.607207207207207,77.13435435435437,15,0,121
14,24,6lMJSzwffs4,0.83886839,0.9721311909090911,9,278,138,14.768940847322142,12.628609112709832,59.53817346123104,15,0,45
4,25,E3nTHnkZybk,0.0,0.9754643805000001,0,0,0,0.0,0.0,0.0,0,0,0
1,31,_JfEDVR5er0,0.8664677175000001,0.874085341891891,25,552,267,12.417663043478264,11.469388405797101,52.15966956521741,14,0,99
4,15,M4BOOuJ2oiI,0.0,0.9775127193333331,0,0,0,0.0,0.0,0.0,0,0,0
2,2,nJfB32MtqBA,0.8579450628571421,0.867323926614173,21,491,202,10.309152361555618,8.98152458539424,72.31351663272235,10,1,75
26,430,R0JWXowK_HY,0.8425504538961041,0.9767865603813031,174,4188,1037,11.670148947732436,10.310697888877915,64.009441260745,34,0,656
99,1852,_sMkl9fVfoE,0.8392307322580641,0.847395229326492,298,5801,1236,9.014717770252524,8.083760708926604,71.77788776003676,31,0,1071
1,109,YdBXHm3edL8,0.8578876835,0.8559410048076921,79,1621,373,7.887414707283362,6.687420485869797,83.66362575063059,22,0,303
2,28,IMLVbEzM0DI,0.859019248421052,0.8536129367849221,47,1553,492,18.59275116110205,16.140124398898497,38.198289515145724,24,1,214
40,177,J4AacdAkP08,0.8475142999999999,0.9172958075609751,18,268,135,4.098735489220566,3.381592039800995,97.33695688225541,11,0,54
2,76,IpPHCLrEmSI,0.791319609230769,0.84585745025641,52,817,503,8.661350626118068,8.706900244798046,60.62242738442709,10,0,141
4,24,lshzaYhtOyA,0.0,0.9632904705797101,0,0,0,0.0,0.0,0.0,0,0,0
2,8,kaoRrzakjGE,0.858377194166666,0.8896681146917801,71,1331,398,10.760730045184708,9.611735325552111,59.54075745230212,23,2,215
1,40,LuJd0z1JAU4,0.84267419,0.9242066772727271,31,870,414,17.056361512791995,16.134011865035223,29.37572302558401,15,0,103
8,24,_g9r64ICTsk,0.8560785791891891,0.866100533168061,150,2871,517,6.338547544409614,5.524129780564262,89.54771191222574,18,0,576
13,226,-y6NkP_VaAQ,0.81112924,0.8548104327107061,31,633,324,10.462047087601285,10.250641594047803,57.939686592264195,11,0,110
21,93,rpPeJFFzJ5g,0.8318079366666661,0.842893804972577,55,1393,473,13.015273118840959,11.49208718919272,57.78065378842265,20,0,229
1,2,XSWIxbgr1AY,0.8761172005555551,1.0,77,2251,724,17.923275831232296,15.99331010171526,32.46703646864022,22,0,286
56,1111,C1pIuddZ7HE,0.806201895882352,0.8559589817456891,156,2208,664,3.407548076923078,3.156902173913042,97.63868311036791,24,1,474
66,370,numUKaH34rQ,0.8404609850000001,0.911803624683544,37,422,178,1.092536825925453,0.9656910464967331,108.45330024337134,14,0,106
16,124,LCdTfQXDK34,0.810556618,0.849832904767932,32,494,267,5.166887651821863,4.78649544534413,88.24164600202431,12,0,81
7,302,WjyQTmJBXFg,0.87003386,0.9164400867676761,22,431,231,9.019514870280531,8.094074035013712,71.92563330520989,8,0,79
71,135,xJBqbv8GRZ4,0.8492875658333331,0.9241964029545451,40,1102,422,13.582740471869329,10.916387477313979,65.86703130671506,21,0,188
19,176,gGeLxjgUNG4,0.8800638955555551,0.949542299777777,21,596,278,14.643009747523173,12.782598274209011,53.96725950783001,14,1,92
1,3,ItE86GxFwWk,0.839697060555555,1.0,43,1212,436,14.771265830071378,12.907838667587686,52.7222023946581,21,0,164
22,92,It6Eblem5Zg,0.8531497554545451,0.940084005389703,29,743,336,13.180735137142058,11.395339490416298,58.99689098250339,9,0,105
2,162,JMknA_CCnW4,0.895382048461538,0.8868452606620201,18,467,192,11.965669759695452,9.10777658815132,75.9741940280752,13,0,60
27,135,8dgoeYPoE-0,0.877765477142857,0.8994004423899371,13,437,241,18.237898257349052,15.341510297482838,44.94421756732971,11,0,66
3,90,PwH4oEz94qE,0.8685766711764701,0.838656231722222,51,1339,375,11.905778090175573,9.868679875236129,71.07186076820574,21,0,201
14,285,JJoyWK58CvY,0.836692117499999,0.8719519909589041,9,365,197,26.578709284627095,23.632694063926944,-2.138203957382011,8,0,44
71,393,00jbG_cfGuQ,0.811309124444444,0.88449148986166,95,2528,738,11.944930879413725,10.308279313790809,68.55355946035976,31,2,396
3,249,KxQTLP2KeaE,0.8680945004347821,0.9253854648523201,35,842,287,13.494093993892093,12.865682388870038,45.67044418052261,12,0,105
1,45,dpNpHXB52ak,0.8175192750000001,0.9587777850000001,16,613,322,22.42877854812398,19.544697185970637,23.17554496329531,10,0,57
1,335,iTjDi2ZO0n8,0.859524403333333,0.805224989520668,130,2005,529,5.574920007673121,5.31477556109726,84.4284572223288,17,0,429
4,25,UOvWr-vMO94,0.0,0.9702640268571421,0,0,0,0.0,0.0,0.0,0,0,0
1,0,fihS3YUlolY,0.8271123929411761,1.0,33,1088,506,20.851622381907305,19.067814171122993,17.07847816399289,17,0,114
3,45,iUK-odLKD-k,0.0,0.9228447561589401,0,0,0,0.0,0.0,0.0,0,0,0
49,295,dKYxRDO2G_0,0.848980865,0.908354880958904,43,518,210,1.6147229954206699,1.637097063841249,104.7815358714196,8,0,106
1,73,Z36dUduOk1Y,0.8350557834883721,0.8707932313931881,139,2618,507,7.442552665278011,6.449126907793857,82.37188394128091,22,0,508
25,277,52sEiZzYP0I,0.8647632212499999,0.847020695604606,37,663,311,6.568373486608781,5.690082752435696,86.18304390363215,15,0,124
2,102,_f-KFSSzzlk,0.86899054,0.9147587942276421,7,395,183,29.511526220614833,24.998408679927667,16.341772151898745,13,0,64
5,29,0bRS-6GDLy4,0.0,0.936358397528089,0,0,0,0.0,0.0,0.0,0,0,0
92,763,1a2Fsfa8e4I,0.844801829285714,0.9193379672,144,2240,488,5.4337911706349225,5.063363095238095,86.4669146825397,21,0,507
6,43,9IaRuSxJO-8,0.87801818,0.9931367876923071,28,441,234,8.040510204081635,7.115311791383217,72.10181122448982,6,0,72
1,71,-Aj5BTnz-v0,0.826531354736842,0.79867626640845,79,1861,409,8.869587944415343,7.698880960964232,81.82291030411037,17,0,309
52,526,XX1ps4WHAtg,0.864564647222222,0.8709961184191171,77,1299,452,6.47596562790558,6.114061965747879,81.27532857442789,22,0,275
35,203,1iB68lO2K9k,0.8264977395,0.850516017509202,73,1344,404,6.47179641634051,5.813488258317026,86.1746624266145,17,0,253
2,62,Pr_-cUA_PY8,0.851950969545454,0.8689987516546761,49,1457,412,16.641451262728836,14.415178518902415,44.67364055299541,20,1,210
9,55,kcuUcHU21Ik,0.84736553,0.9701924126,5,82,56,8.137317073170728,8.074292682926831,66.38412195121953,5,0,13
47,61,J97G6BeYW0I,0.84547105,0.8322538451048951,55,1125,292,6.732952727272725,5.162739393939393,94.48003636363637,19,0,225
5,308,ZA8GzhFh_CQ,0.8128072150000001,0.899132872735042,82,2105,537,10.46240623370604,8.805813394357223,77.65160636695441,21,0,394
2,170,LhXyJCa_b-k,0.858534675,0.7960341009490081,92,1260,407,5.375516563146995,4.894637681159423,84.36391304347826,21,0,229
2,72,Pdec8clsV7Q,0.866803688421052,0.864559996426666,29,401,223,7.671299337862237,7.723456875053746,64.31770573566087,15,1,34
72,198,7VQfOt_2XG4,0.8697421366666661,0.9441472937815121,15,381,230,13.89283464566929,12.465081364829398,50.93431496062995,9,0,48
26,271,GDlPAQakzo4,0.8642624885714281,0.8837473968312751,30,620,303,9.779268817204304,8.361935483870969,71.9212365591398,13,0,122
3,64,IkoC3HZwe7Q,0.8674959,0.8906325645238091,12,330,193,14.242909090909087,12.262878787878787,56.12431818181821,5,0,32
41,147,Vujm4opryN8,0.867052583846153,0.8107333911982371,49,1186,466,11.156172350896519,9.848242764222046,67.56566490002412,20,1,212
27,197,-eg-MHdoJ_Q,0.884177282857142,0.863293746651785,4,355,107,45.18150704225352,36.53968309859155,-8.83554577464787,9,0,44
2,67,PtKAeihnbv0,0.853060742631578,0.8394576284355181,82,1548,371,6.882493382491965,6.141302073485853,84.65633862733978,22,1,305
1,36,gQBkfKUxh_E,0.850521084375,0.9440456022522521,45,965,428,11.348688543465748,10.442763385146804,58.388059873344865,19,0,166
20,238,2TnieMq4E14,0.851647291212121,0.887661212820512,69,1092,504,7.509829192546583,6.704518235387798,75.18251075011946,19,0,204
1,0,F8UGIKR3okA,0.863535580999999,1.0,15,590,321,23.870242937853106,20.87,15.492005649717541,12,0,68
14,283,xY7e4XcIjs8,0.819688585263157,0.871692786412213,50,1068,472,9.765842696629214,8.639463670411988,71.16639775280899,15,0,196
22,72,Grw7zvY9gY8,0.86644443,0.9814687166666661,15,431,181,14.672606341840684,12.097670533642695,59.50546945088942,6,0,63
2,72,-32U9eU1hdM,0.8846183740000001,0.8712204458657711,26,635,311,16.564152634766806,16.215629921259843,22.304789521502155,14,0,81
71,758,LVgzOyHVcj4,0.8645208695384611,0.84379198319502,173,2834,851,6.72922356929277,6.00471414410482,81.18900251283958,28,0,561
4,357,Hd4kvlF1uCA,0.843821686415094,0.8144488742650101,234,4988,1038,8.681892713452456,7.657856188184976,78.12608204991126,28,0,1000
27,242,Y4MLtncnx-8,0.8933881266666661,0.7801046985714281,36,1035,485,17.02288405797102,15.380374396135263,35.99983695652177,15,0,138
34,265,L8AybjTBKF4,0.8554549365789471,0.864922620312876,122,3014,741,10.670391995822776,9.055269724890405,74.14291894655545,24,2,512
1,8,2N64oGaFQCA,0.8190238,0.9888695377777771,8,201,120,10.370858208955223,8.944073383084579,75.68834888059703,9,0,28
16,519,_WhjX5xljD8,0.851134059859154,0.8772767727197801,190,3724,728,6.626941460794846,6.027684210526317,86.75678947368422,26,0,732
1,39,341CnFGQwH4,0.867474634166666,0.9662895976470581,31,715,350,10.852607714865783,9.925161290322581,64.98451612903229,16,0,123
1,23,VJgnv314808,0.8871358866666661,1.0,10,451,222,23.688314855875838,19.68591796008869,34.25229157427941,9,0,62
12,53,FnIf3OPDBFM,0.8080199560000001,0.9418962727777771,16,242,139,3.162458677685951,2.693873966942149,102.68808367768597,6,0,52
24,310,9mp8YkNqbBE,0.8660100575,0.8995652661178861,39,643,269,5.873340909997211,5.796454121306379,82.87034174741797,14,0,100
22,263,Ep0kFZiWUJI,0.8194688978260871,0.787601112740384,86,1860,506,7.332598649662415,6.573485871467867,86.45557764441114,25,0,403
8,321,Uk6U9ROn_MU,0.815771718,0.904484431439688,8,354,181,21.836779661016955,18.934166666666666,38.12802966101698,9,0,45
22,531,3jSCSq9bKwI,0.8023581999999999,0.8723299559743041,47,1288,456,12.50172393286639,10.27824963657989,70.18256904982161,17,0,216
8,25,Vb-nz6op8yg,0.859054946666666,0.9364703,6,108,70,7.849166666666665,6.18,82.81500000000001,3,0,17
7,17,18japm2PugI,0.888343001666666,0.8029097233137831,19,452,203,10.77400675360969,10.343646949231488,63.275409874243145,9,0,86
2,9,AssXudMGZ8A,0.8687024928571421,0.9472774833333331,23,633,285,13.93883165052545,12.051219177141288,57.68052956933859,15,0,103
2,54,Ef-NZtTVSMM,0.8854398975000001,0.965650857058823,12,339,146,12.076858407079648,9.977352507374633,73.8462057522124,9,0,65
15,93,7Au-MRjoHYQ,0.80795554,0.9316674632,23,436,215,8.616701236537693,7.825061826884724,72.72440566414042,6,0,78
19,42,4CBIYoDF288,0.771635625,0.9281287157142851,7,213,142,18.61682092555332,15.611415157612338,37.333098591549344,5,0,31
92,460,VgnbRK8pij8,0.832427033461538,0.8875221424702381,94,2340,717,10.406308510638297,8.939108928896164,75.31182487725043,26,2,447
9,63,5RXRr8PKunk,0.8333683251724131,0.822122601244019,68,1039,281,3.018830040197024,2.736824293721337,102.65517472966087,17,1,216
6,24,RABThDFW000,0.8913631780000001,0.8245624493301431,18,309,167,8.584595469255667,8.17490291262136,67.02830906148868,10,0,52
12,186,8nEmsR68FhA,0.837968936,0.905200895297619,56,1031,358,6.661040944990994,5.953903110710822,85.16752364209506,18,1,210
1,74,geO2L3fzF5g,0.8099921133333331,0.935863074117647,32,785,313,12.285625000000003,10.767760748407643,61.55590863853506,13,1,108
8,423,MMwdz1kLsFU,0.8686299833333331,0.8463569228205121,27,688,272,9.52776108957795,8.000103359173128,83.09106373815678,14,0,114
1,46,S-3nfpc_GiQ,0.8746415016666661,0.9619486067647051,47,1070,409,10.27640862994631,8.893396301451585,71.84998309803143,19,0,197
1,82,rPLjSY00JlE,0.874712448823529,0.8666083436170211,63,1233,321,7.822186305179002,7.173270768161281,78.49262773722629,16,0,221
6,94,jPrElTL3rrA,0.8324062075,0.932523886,23,326,175,5.132662043211525,5.393654307815417,81.63804881301682,13,1,56
18,224,99CLGZNuFqE,0.8652190566666661,0.9435168035135131,32,430,220,5.421261627906976,5.59434593023256,78.88756540697676,11,0,90
11,53,Gazuoyf-lm4,0.862748092727272,0.9074560304624271,58,1199,343,11.552703977452474,10.147637542779908,59.12889699749792,15,0,139
2,32,J1TorkgpgY0,0.8442249488888881,0.9667528858928571,33,671,284,9.73161450571287,8.976065573770494,66.9245355191257,10,0,129
2,162,G11lr2N7gjQ,0.7662605266666661,0.9416560944827581,7,222,134,15.749440154440158,13.787580437580441,52.69905405405407,9,0,45
1,23,596LMJTJFsk,0.84368226375,0.896744203076923,27,555,250,9.554804804804807,9.265585585585587,65.24462462462463,11,0,72
33,186,U_rZA3_SBlA,0.86172796095238,0.883299315,45,995,451,11.80279173646008,10.276750418760468,60.76568955890566,16,0,167
7,37,X_e8bXcS1BA,0.847405675555555,0.91926834760479,25,654,297,14.213348623853214,11.68090152905199,57.91012293577983,15,1,97
1,0,DBXgnMfVFzI,0.8747420366666661,0.995400521428571,17,326,137,9.064278238902922,8.901093468062069,65.40155719956698,8,0,61
25,211,rhmAyFY6dhU,0.836063787647058,0.8484345202777771,69,1482,511,9.544332863932407,7.80325588218037,77.37221703925368,19,0,297
40,534,zU-5GcqzHNM,0.8671193764864861,0.8820347982142851,109,1890,650,7.801740643658075,7.255348284063881,73.92879204892968,24,0,364
1,290,qvhHhDNjtxM,0.84138638125,0.9644037204,50,770,269,3.6602987012987,2.920935064935065,101.54997402597405,13,0,176
4,22,BZS0amkjOhI,0.0,0.9747423643478261,0,0,0,0.0,0.0,0.0,0,0,0
10,90,imQ5qMqdoJM,0.8968234633333331,0.8620586796,13,208,135,7.244182692307692,7.215384615384618,71.82961538461541,6,0,35
2,60,iKKF5yuxvg8,0.8901844740909091,0.8657651220736691,60,1507,444,13.396913293519127,12.222620106171203,52.16799341959745,22,0,207
18,93,BFUis11qaQU,0.861664533,0.9866399750837981,25,764,350,16.13619109947644,13.951174869109952,49.47026492146598,8,0,127
14,76,-y5VJLFEDfE,0.8416319746153841,0.9325171363618631,31,761,344,12.48791233945149,10.776775041329323,61.52180365393584,9,0,107
4,27,-sWQnJ5dMSM,0.0,0.970327929722222,0,0,0,0.0,0.0,0.0,0,0,0
76,852,f2HnkDGuBqk,0.852762635869565,0.874783475289256,202,2694,649,2.674408145714348,2.414330929752218,101.50700280050279,26,0,575
5,20,nDxfxIaRfQ4,0.8654254725,0.9956058303571421,8,272,162,17.665441176470587,15.543529411764705,44.180882352941204,5,0,43
5,79,XfyGv-xwjlI,0.870750915,0.836529037902163,17,386,192,13.38752666869857,12.677211216092658,44.61495428223104,9,0,52
17,43,AoHvkrcr6EM,0.8832277009090911,0.9399789183161881,19,600,291,16.457223684210526,14.032456140350877,50.70236842105266,14,0,74
26,255,k_wNE4erBLU,0.8814895017857141,0.8803477587204961,48,935,309,10.036032531194301,9.422917780748662,62.199474710338706,19,0,164
5,130,0xgeG2gtI0A,0.8270665934615381,0.9859526265283011,118,2479,623,7.937036804069436,7.383054983898649,79.54810665522595,22,0,405
9,136,Aw8hufhIDu0,0.8717965236363631,0.930523084926212,23,745,292,16.03335687189962,13.356702655383717,56.994067697694796,10,1,114
25,125,fSYFsrurYKI,0.8387812471428571,0.966007920333333,58,1476,511,12.418934679001957,11.29133165124755,59.435487804878065,23,0,230
119,289,MKKrOHNN3xQ,0.8621234692307691,0.9207741459090901,102,2001,521,6.105465208572184,5.140542522856219,93.14857549166595,21,0,426
30,39,JqJaVvLO748,0.898536283333333,0.9738337688888881,17,503,229,13.393322418430593,11.69056484621682,63.94687755818035,9,0,87
11,80,x93I3a30FEg,0.898289463333333,0.8919549417333331,5,111,73,6.855135135135136,5.9310630630630605,92.0803783783784,5,0,25
2,24,6IulrGavrjM,0.0,0.9230605035499999,0,0,0,0.0,0.0,0.0,0,0,0
2,55,29KdXZH0niA,0.8165073580000001,0.9381649233333331,15,382,183,12.46134380453752,11.053518324607328,61.173244328097766,11,0,62
12,54,910K7B_1b6I,0.87039263375,0.955130115236907,23,446,213,12.322558003509457,12.530007798791189,39.76672743224802,14,0,77
13,56,-J8UflGeY48,0.8865265275,0.986706325555555,11,257,124,13.178705341351254,11.33660417403608,55.397951892465535,6,1,40
133,436,JjWDCldrYGY,0.8618135394059401,0.8615184275555551,157,4459,893,14.645359974745134,12.97875965448824,52.59707682022906,29,0,712
1,64,0uSKKKrBmaE,0.866278834,0.9424195633333331,71,2814,1018,22.723575182437912,20.37251358899667,19.5938969638728,30,0,309
20,254,qG3OyONVbEQ,0.877421845555555,0.8741318613239071,22,639,293,16.745919760990184,15.293595817328214,37.14822983354675,8,0,103
1,0,KW8HnpSp6wk,0.8097088015,1.0,32,1299,424,22.812094399538104,20.98921454003079,16.882228276558912,19,0,146
16,156,MatiZeIGpb0,0.8335209666666661,0.92089075525,11,280,156,10.54098701298701,9.761558441558446,70.41435064935067,9,0,51
69,72,WYAHes1A36I,0.8272081599224801,0.0,304,8669,1514,13.713805642913954,11.67763664463818,62.13060289878942,32,5,1181
19,147,K4SOS9okas4,0.8427291733333331,0.8962853457142851,24,360,214,6.035166666666665,5.370555555555555,83.27500000000003,8,0,83
30,221,8hnvY6_Jpvg,0.81555699,0.8908008333898301,20,259,140,5.849015444015443,6.454322393822395,71.85368436293437,8,0,46
10,55,32F2hQTncQ0,0.8952081933333331,0.9491373571875,20,438,220,11.198904109589044,10.031365296803656,62.148965753424676,13,0,66
73,1028,fR3NxCR9z2U,0.8015745790476191,0.9047526463260871,55,2102,704,19.263976732116596,16.397583773030018,45.57075763342273,28,0,327
22,356,_1uqL32ASRE,0.8566862780000001,0.87592918528409,10,302,151,17.34476821192053,15.568132450331124,37.23630463576163,5,0,38
40,61,VAweyqtb7D8,0.8439988700000001,0.9456040758314691,19,714,311,21.80001990269792,19.07951496388029,25.204133126935012,12,1,91
2,16,xNf--q0YMq8,0.8652351250000001,0.820180091375711,46,1087,332,10.161151153953845,8.867083916643335,73.57835156593738,20,0,187
14,100,L-a-dKhuYj8,0.8348943772727271,0.83799472266129,67,1034,356,5.376949825341377,4.659560322180201,89.14339891451831,14,1,228
1,0,MsGmoVknaZQ,0.868919987777777,1.0,19,554,262,21.76602318069542,20.041867756032683,3.305801824054739,12,0,66
1,111,LvaVsnHbIbI,0.8438612809090911,0.8348289439346811,64,873,291,4.084642396907217,4.435914769473083,87.55471407860826,15,0,192
31,182,EipqFlmxCkM,0.911115016666666,0.801366725348837,27,473,227,8.459534100696892,7.782179938924127,70.47061702294262,9,0,93
18,84,KtT7zvYJekA,0.8946944950000001,0.888621543888888,9,192,135,12.958385416666665,10.491458333333334,57.84104166666669,6,0,26
12,41,IVz7xJxHOjk,0.839565815714285,0.944971066260869,10,295,169,18.434677966101695,16.675,28.05385593220342,8,0,25
3,189,k22zlWRzbk0,0.89630414,0.893276061403508,6,185,105,17.052936936936938,15.82527027027027,36.5207882882883,5,0,21
53,449,froHNJMELT0,0.83900381,0.89121675,73,580,241,-0.22529381199811002,0.183457723193198,107.89854747283894,10,0,145
68,232,IVH_6ciQfZk,0.8781386292857141,0.9551837985087711,16,321,185,13.618539719626163,13.297926401869162,35.45660922897196,6,0,39
29,426,9ccIlIId_R0,0.8556629061538461,0.8468724578358201,34,593,227,4.383202063287371,3.5294281321297483,100.8229310088285,11,0,135
1,0,_KndwmMEwXA,0.8838368660000001,1.0,15,669,286,25.842152466367715,22.722983557548584,11.587524663677137,12,0,89
24,128,0phXsBQW48M,0.8303186825000001,0.8570900059259251,15,337,207,10.068911968348168,8.858646884272996,71.56605143422357,6,0,61
20,5,7QL2CaJFn_k,0.0,0.7761667575555551,0,0,0,0.0,0.0,0.0,0,0,0
12,30,qYBou4o9vNI,0.870981699333333,0.861539483759398,27,532,231,12.140066137566137,11.036549707602344,51.030477582846025,7,0,67
9,334,TBv3xQUGsXA,0.866310857142857,0.8732648158563531,11,429,218,20.719720279720285,18.35146853146853,32.95489510489513,9,0,71
9,78,ZCpSiSS0Yv4,0.8507256457142851,0.9625304676923071,13,234,124,11.321282051282047,10.491538461538461,51.90346153846157,6,0,38
43,220,CJu37EU9qEk,0.8639802683333331,0.963897531666666,14,251,144,7.594006829823563,6.539991462720547,80.10682270916337,6,0,46
5,28,SA-sug6P0fM,0.0,0.9620970001063831,0,0,0,0.0,0.0,0.0,0,0,0
3,209,nmWtsPzd-GQ,0.8807635566666661,0.8408736512499999,25,364,173,6.695631868131869,6.7186197802197825,72.82638021978022,13,0,65
2,12,KiouveG278Y,0.853280747333333,0.929360230947136,48,1032,304,9.515494186046514,8.413992248062016,73.03226744186048,19,0,201
76,495,1C2WpZA_L4E,0.837642902,0.93576897590909,13,153,103,1.016576168929113,0.568627450980393,111.94805429864255,6,0,36
3,2298,fqxcZK8hXYQ,0.810013907804878,0.7789181615634211,81,710,236,-0.621988175969399,-0.9864110589462701,117.7468188141193,11,0,177
5,372,NsISWyyuf80,0.8339609235294111,0.8605419557783641,27,830,356,17.019370370370375,15.961298527443109,35.38061802766622,15,1,101
1,188,74s6eiBBBFU,0.8450958810000001,0.8471676933023251,51,806,296,5.411303216075513,5.491891694643119,83.83694764754537,13,0,170
13,37,WBjchfwi1jA,0.851390483636363,0.937774689955535,28,768,368,15.276199776785717,13.314174107142858,48.45984375000001,11,0,88
3,44,jLscoVyV4zA,0.8679532615000001,0.888279045626959,56,1562,474,15.93073715017377,13.99295180171941,44.420292893726014,23,1,205
83,4879,ZHTdmMJtY5E,0.8203493592857141,0.812264594564705,167,3432,751,6.823595954943261,5.751423725974625,90.43108307859806,24,0,730
47,283,XQtPFByWrWU,0.867904690396039,0.8492635474675321,173,4796,960,14.400141567876894,13.502442449632884,47.63364935615904,36,1,782
21,304,Q6toBA7SRkY,0.8720035088888881,0.9079794833333331,102,2132,616,9.4272984034139,8.684372585807306,70.0286092410698,20,0,419
2,93,7-cGz2eLyb4,0.9004634007142851,0.9346148474242421,18,469,209,12.476434494195686,9.74309523809524,71.61718253968255,8,0,58
3,8,1teEi1piQrM,0.8514062906060601,0.935947071925133,66,1873,586,13.344583474898478,11.769665339999033,61.225618396997234,22,1,308
101,295,Lv4r-P6H7bU,0.8419307514285711,0.9606243117857141,21,602,225,12.064114064230345,10.643820598006645,69.81009413067555,14,0,127
11,7,ItjPn8WxVSA,0.8667872999999999,0.9721148391666661,14,366,134,12.50183840749414,11.112818110850899,61.95245901639346,7,0,53
1,0,_9hPFlSnnNk,0.8645317337499999,1.0,15,533,259,20.832201375859917,20.11903189493434,14.107878674171381,11,0,69
2,91,MFmjLloYN7A,0.8608242383333331,0.786812291493399,49,901,307,8.42305624136447,8.082889306666061,69.86288251149519,15,0,183
7,24,Q4p6Suko25A,0.0,0.9567432018,0,0,0,0.0,0.0,0.0,0,0,0
3,40,F4Lt0AjMxEY,0.889062593499999,0.8922590707165601,57,1565,475,15.658466341572783,13.771696653775013,45.228742783476285,23,1,204
12,116,EO-tN64_IvY,0.84279033875,0.9077268244000001,13,314,149,11.076923076923073,8.110254777070065,79.93668054875063,9,1,47
37,271,IMPzAdVOhKY,0.815216855714285,0.8556945610000001,29,607,284,7.759125149122308,6.997485655854117,82.17451400329492,13,1,137
25,199,dCpHGtG9AZ8,0.8679508166666661,0.868002876578947,8,195,128,14.114269230769231,12.070096153846155,51.94052884615385,4,0,27
42,413,iGK0rHkOoVA,0.8683674425000001,0.9088690339285711,22,473,236,10.30090909090909,9.210221987315013,67.3237050739958,11,0,87
1,29,xchGJ4UxCPE,0.854568141,0.9186443052941171,38,691,299,8.178892527991472,8.100394927260265,69.37484252418312,10,0,130
80,662,WIpxrtf7QbY,0.8816123972727271,0.8410939614539781,35,1171,351,18.587128217640604,15.737705014029526,41.82185824081984,12,0,186
15,122,QFc-5oXgbYY,0.80032052,0.8337951585903081,10,360,185,19.884499999999996,17.231666666666666,35.640000000000036,9,0,66
15,36,nMoJ7TZN7l8,0.789241885,0.8814580752601151,26,523,242,10.16040741285483,9.424789674952198,63.31922304750701,11,0,92
157,368,VLOKMjHEyhY,0.8579287925,0.87814193445,27,873,360,16.55481099656358,13.402130584192445,56.5651202749141,18,0,154
17,157,WGw-7Y0xEV0,0.835136316,0.876358439821428,13,294,141,11.457182103610677,10.568775510204084,59.57018053375198,5,0,40
18,38,QfE4CBG90tM,0.0,0.9996516863492061,0,0,0,0.0,0.0,0.0,0,0,0
66,229,Sev0xmmU6LI,0.8518953185714281,0.9570719750841751,13,310,183,13.146657568238219,12.780322580645166,45.906637717121605,12,0,53
1,1,5SZCajunA-0,0.883051734166666,1.0,24,782,310,17.44196078431373,15.949213554987214,38.749105924978714,15,0,97
3,56,nyRrm-cCj9g,0.0,0.9502675378873241,0,0,0,0.0,0.0,0.0,0,0,0
1,266,UDuGJHbAIbE,0.8395932230769231,0.8610662344444441,39,1027,344,11.214144758195388,9.249036027263877,75.65408633560534,17,0,185
1,55,JXnpt72MZl4,0.83725181347826,0.9401850033333331,33,1589,627,27.41105021263612,23.217158876365925,14.370148559223487,21,1,175
1,50,5HNFsjUwolI,0.879603788421052,0.958776679766081,55,1248,453,11.023651660839164,9.616826340326341,66.52968881118883,17,0,221
36,389,KJDNHjJgbD8,0.8929693175000001,0.81308523,16,454,240,14.429724669603523,12.214575991189427,58.029088656387685,14,0,74
32,157,l_9vgXkmVnk,0.814841746,0.888045462222222,28,474,230,6.569855334538879,6.197796865581676,80.77908227848101,13,0,111
26,106,fRZduVxlP_U,0.878255025454545,0.92549035345823,28,743,292,12.890225918092675,10.81518698327245,64.78604138627188,11,1,115
32,198,HvcQdJcN6mk,0.8250035333333331,0.854827503491124,23,426,243,7.743334353949784,7.200614411104308,76.42698407838337,10,0,83
46,133,5I-Wr_s00aU,0.8235056092307691,0.9361601943237701,39,929,446,12.94021335320582,11.393649085037676,55.802712318180575,15,0,163
12,83,HRTKfRXwBTg,0.82568487375,0.9448432851141121,16,577,281,20.861423310225305,17.616142764298093,32.99482073223571,14,0,79
17,256,XeZgKLfIJn4,0.8931105366666661,0.8772648145390071,22,420,206,7.7292402597402585,6.998787878787883,78.88772727272728,9,0,80
32,324,Usnu2ySuhcU,0.8160749580000001,0.982350139166666,21,636,277,13.034225067385442,11.119856244384547,69.2808490566038,14,0,133
2,208,GNghXeGlTdI,0.84973791375,0.9076712269158871,73,1839,674,11.312089432166083,9.910379077372308,68.87937182953812,17,1,267
38,374,DqsvwHG9c-M,0.84491288,0.845429444596651,123,2327,664,8.21737709671897,7.244416447430481,76.81997197969403,21,0,412
18,40,jwD7bJrYH6U,0.82555808,0.9233314626262621,26,903,332,16.0428596984411,13.858211517165007,57.5653290314337,16,0,160
34,119,UtLtPgYc0mk,0.8552002325,0.90469343515873,28,725,325,13.403311330049263,11.890834975369462,55.92919827586209,13,0,123
1,93,xaz5ftvZCyI,0.841732728064516,0.835984467537154,113,1962,475,6.434703390977241,5.615755189304753,85.72548713160674,24,0,385
5,590,3lQZ4q_msGg,0.761526280555555,0.789890783647887,40,446,306,5.614573991031392,7.807827354260091,58.94375896860987,8,0,55
3,10,-IaysvX1L8U,0.85908456,0.9574341273809521,26,599,282,13.293254141517913,13.01570116861436,42.78051078720947,11,0,104
16,79,HcT4K5KkTDE,0.8252821588235291,0.9476168639261391,44,1135,490,13.461559871846212,11.416482779335201,59.1565783940729,23,0,160
12,165,YWj2RGPE0Dg,0.8511563576404491,0.8632663386069651,284,4746,863,6.157637595484417,5.571726435308015,84.88064871530068,26,2,1000
64,474,RBl-lMHlDu0,0.8761789915,0.883370569367364,42,819,340,11.329413919413916,9.909505494505495,58.74799450549454,11,0,123
11,62,LerY4Y1gz5E,0.87625544125,0.8868981887179481,37,847,333,13.649357988448898,12.493681993681996,46.26206739206742,20,0,119
46,97,RQCq-FzeYgA,0.8463511575,0.894273777241379,31,544,271,8.937465607210626,8.107915085388996,68.18846062618599,14,1,83
49,60,zPdwsCTp4gM,0.8731450191044771,0.9961312928045971,87,1806,650,10.41814755412991,9.643957307060756,62.89357142857146,20,1,301
4,26,OgpVYTnsmuk,0.0,0.9699938746478871,0,0,0,0.0,0.0,0.0,0,0,0
5,23,AJ9QNdP9fHk,0.0,0.9290056448275861,0,0,0,0.0,0.0,0.0,0,0,0
1,230,LijHvJcVuCI,0.8562756778571421,0.876792652,85,1903,499,9.406030416370434,7.551921486198264,80.79491385119472,18,0,404
16,146,1Zsyast6s9Y,0.8649203925000001,0.8725842928571421,11,306,157,13.581737967914435,11.45516934046346,62.48189839572194,10,0,60
6,110,P_NoKv4kr64,0.869692410625,0.99774295,37,847,333,13.649357988448898,12.493681993681996,46.26206739206742,20,0,119
41,606,jvQzIzzL_lA,0.8754232961764701,0.862293233190476,64,1080,340,6.745888888888889,5.872361111111111,83.01687500000003,16,0,171
1,42,VXQ0aQHe9VQ,0.0,0.935240771730769,0,0,0,0.0,0.0,0.0,0,0,0
1,39,Gfr364SyQcg,0.846200712,0.9853578025714281,24,617,291,13.164977039438142,11.51469408427877,58.29728153700704,12,0,111
3,27,Id2E72P8Fe0,0.8767088472000001,0.8593637874551721,65,1795,463,12.414215984572529,11.167520891364905,64.18298907220914,23,1,298
5,23,nxS-LP1StvE,0.0,0.9267918953260871,0,0,0,0.0,0.0,0.0,0,0,0
48,436,fUkKK1BvPvg,0.8517008149999991,0.8672091643353471,32,583,305,8.062445325900512,6.9585371998284735,77.62290013936537,6,0,108
111,614,Ekqq6DE8vGE,0.8808047131034481,0.867138334085603,89,1545,461,7.178105377986256,6.798994945638341,77.23641540307628,22,0,279
7,15,jDYm0i5zT68,0.831998079166666,0.9764830855555551,44,1010,365,10.8925202520252,9.566827182718274,67.35772052205222,16,0,165
3,239,z0Pt-x8eKkM,0.867685216521739,0.9274183936625511,35,842,287,13.494093993892093,12.865682388870038,45.67044418052261,12,0,105
3,105,k1qtkFqQDBs,0.8373489975862071,0.9023286793589741,93,1598,424,7.64606618488164,6.3744943275869055,79.96505060088553,22,1,200
4,96,MhCIrN9JFqU,0.8432055424,0.82976621338009,103,1774,645,8.344790282505667,7.6763545714254455,70.70351862392052,28,1,241
68,448,vhukPv1se08,0.841924873666666,0.8672155870760231,75,946,406,5.708210007047221,5.245479069767445,79.92083875968994,15,1,140
38,458,JNUmKulUWec,0.890694768333333,0.8538978482178211,31,372,206,3.637903225806454,3.427634408602152,91.86145161290324,8,0,81
10,95,uCpY8TtHuzo,0.8571752842857141,0.9763745477205881,98,1345,507,6.57996980502238,6.580840983233443,72.32605549654807,18,0,189
27,222,ktQzM2IA-qU,0.878098033823529,0.807316172347826,176,2088,666,3.549346917450364,3.193427377220484,93.2977194357367,19,0,432
86,89,hhWGKAcHbO8,0.88037491625,0.8584460835000001,37,518,274,8.447142857142854,8.185057915057918,61.31534749034751,10,0,71
25,712,ijjnqeS0pIE,0.8565143113333331,0.951363122334217,58,1032,439,12.403993584603043,11.484775461106658,44.4139534883721,10,0,113
4,23,NDnC0-rw7KA,0.8600885140000001,0.9004614448913041,69,1019,469,9.162016754135198,8.732273755173445,58.76018076830084,16,0,177
29,359,a58oCExOxpw,0.8457404437499999,0.8808724910731701,37,480,235,4.81886148648649,4.170292792792793,88.26993243243246,11,1,98
28,78,qt8goLiew2o,0.888740965405405,0.94268526831884,138,1646,619,6.426969817035591,5.965991864335148,73.53365400531814,18,0,276
6,194,3NRpp1pBN2E,0.7324160926666661,0.830470394444444,17,110,81,3.300021390374329,5.169893048128344,69.52189839572196,5,0,12
1,34,xdVJkkCquHs,0.8702527678571421,0.9309460614159291,77,1030,451,6.31612722229227,5.585523893582145,78.84238746690205,16,0,196
12,93,LedWl2QTy40,0.835527359999999,0.864811570947368,19,252,164,6.228364661654137,6.205647451963241,74.19432330827068,6,0,50
1,44,N-X53P6RSUw,0.8611866147368421,0.934702366628352,84,1134,475,7.349841269841271,7.343783068783072,66.45630952380954,13,0,180
54,740,D8K8MkKHJoc,0.880596050454545,0.89432152839416,58,860,401,9.139467522052925,8.15345629510826,63.015930232558176,15,0,121
13,67,Bkvp1kKQLcE,0.9075921925,0.937746019313725,19,190,112,4.8145789473684175,5.016315789473683,76.9092105263158,3,0,34
5,938,YBY4MSgZLDA,0.0,0.99826026,0,0,0,0.0,0.0,0.0,0,0,0
10,37,W_evi9lanBY,0.8571194864705881,0.962002832935779,45,482,249,7.5537298294144755,7.535881051175657,60.11176994006455,8,0,65
56,212,Mj0T_byeKtQ,0.820239164375,0.9167206251165251,44,624,328,8.908986013986013,8.49187062937063,59.43949300699303,8,0,85
5,11,HMe6iDvwFUw,0.7242113133333331,0.8964849802173911,12,154,99,8.139069264069267,7.651363636363637,63.063712121212156,4,0,20
3,106,ea1sXgd5ui8,0.867312097346938,0.917587434585569,99,1654,592,10.812404761032333,10.052601590267855,52.74757716219025,17,0,233
6,74,QMzNnvkYOF0,0.901652486,0.954558250851063,24,297,158,4.9454797979798,3.340627104377105,93.1531628787879,11,0,50
10,266,kDF2-ScA5gw,0.793287446,0.9065333319540231,26,374,183,2.675489510489512,2.324812834224598,104.01536404771701,9,0,71
79,902,Jvtb0a2RXaY,0.8176463455,0.9481477540510941,138,2009,709,6.892768483851654,6.192934728504341,76.59166091357011,25,1,298
42,705,mRVZ9lkubag,0.85056354,0.9036485458441551,50,696,330,5.35125,4.792248275862068,85.49757931034485,15,0,125
3,107,sQ-0RkPu35o,0.9124129433333331,0.849988167105263,14,237,138,9.928462929475586,9.085560578661845,60.0752848101266,5,0,35
65,365,z_3S2_41_FE,0.8417739909999991,0.9259164123016761,61,786,370,5.248844324865473,4.718197555583366,84.18548304342387,13,0,124
5,79,_A6GbgUnEZc,0.8595375529411761,0.9078780850768151,83,1446,509,11.407378643203522,10.112203336166242,53.593066789981506,15,0,217
5,23,tTM1oaEWoEc,0.8656829272727271,0.956318333307393,26,408,201,7.7727714932126695,7.333431372549022,70.43524886877829,11,0,55
210,1130,Ylkj2ORlwXc,0.8352791580952381,0.8438391494354831,152,2105,635,3.956199587448431,3.6458562007750963,93.58960690398801,18,0,478
31,242,X2o_Z6hOpwo,0.843931871860465,0.829435079687294,211,2172,604,2.309709486528241,2.538961797282084,95.19393587494437,22,0,429
5,46,8CBC8vf8K_s,0.9015234575000001,0.8918867500000001,19,184,126,3.557594393592676,4.411842105263158,80.68052631578949,9,1,42
1,99,QRLZwXL6w1c,0.8654130035294111,0.912948209956822,100,1782,620,10.131346801346801,9.808060381593716,56.48305353535355,18,0,260
2,24,m1DOnLhVuX4,0.8760061673684211,0.8745758997647051,97,1706,474,8.255121584220642,7.43365356957252,73.09246643139437,20,0,228
5,508,my7lL8o-3ow,0.746372028333333,0.7998377680871671,72,606,363,5.302392739273927,7.339694719471947,57.43168729372939,7,0,88
2,160,s3wUYhJmdbA,0.8472607630000001,0.81706806835443,67,989,351,5.728787105926386,5.307613902177685,83.3009219323001,14,0,192
27,578,QA2_uA0qJls,0.8452335040476191,0.856431766,146,1359,382,0.313888838489219,0.699808128458677,106.62424362696183,22,0,290
2,4,tbxgQS3RPvQ,0.8792863824324321,0.9003975229482071,74,1500,429,12.239435135135139,10.778472072072073,53.88987567567568,17,1,197
3,87,6HJfr00CIqM,0.8903964128571421,0.851473887967213,74,967,368,8.600205707258453,7.920208641940807,61.5534251236759,19,1,111
2,32,asTNBEltQQc,0.89666082,0.9947094925000001,13,232,122,10.170102785145886,9.934655172413795,55.62201591511938,7,0,42
6,29,H-8wC490oEs,0.0,0.936554790423728,0,0,0,0.0,0.0,0.0,0,0,0
67,865,kb146Y1igTQ,0.8204678185000001,0.9573280398882681,113,2112,744,9.074450925181011,8.332063388307862,68.61523280370074,24,1,348
10,225,LylsVQ8HFIw,0.8394703513043471,0.9538026211260051,111,1825,581,7.11985496729606,6.488682710107369,77.8259506355671,30,1,234
63,204,9iMGFqMmUFs,0.8492801036363631,0.9189229119512191,43,657,366,8.705699267282572,8.293342536547382,62.817155144950625,12,0,87
91,1377,s6UXLavIFJ4,0.835755161052631,0.8574030815536721,108,1381,584,5.256422211494623,4.930905342344516,82.48555639364929,17,0,243
7,24,eOhz3cGmlaw,0.8448082277777771,0.965310011111111,50,749,283,7.038050734312421,6.810010413885184,72.91921855807746,10,0,124
2,2434,ZeXuf7sOpzA,0.8640974405128201,0.790179951057082,114,1241,317,1.6384780242306,0.778813987022353,108.86793739485701,13,0,272
4,16,ECG6sZiJ3Jc,0.0,0.9398824615277771,0,0,0,0.0,0.0,0.0,0,0,0
42,605,oc0nFa2dA0M,0.8859672663636361,0.9050761718592961,43,713,334,9.743502723506964,9.31320982419518,57.824799569457596,11,0,99
65,88,Ptmlvtei8hw,0.879271286875,0.901668539766536,85,1132,390,6.819097381001871,6.344871752234464,73.29320660985243,18,0,209
4,33,aC0_yOlfY4U,0.88191146,0.895831361406727,54,841,367,9.341388998987096,8.653924560708152,60.757398049059766,12,0,113
2,1717,weZZT8U9NGQ,0.83222342,0.8184150004107981,112,701,249,-1.382161962502547,-0.9786897544324421,113.22712330599146,9,0,164
44,248,BzP4b1b-RPs,0.8286920061538461,0.9816694767600891,61,985,376,7.176501456270287,6.245205958225849,79.04808854123327,16,0,151
3,34,Ex5_Z-DpJ0A,0.862673558,0.998420006976744,23,357,188,6.674903178662767,6.031545487760322,79.46530873218855,9,0,56
131,1222,tSLjM6cZaTo,0.8340256861764701,0.9112549845867761,91,1282,488,4.068191613378822,4.189465121462003,90.11829653186129,16,0,264
46,507,da1vvigy5tQ,0.873659166956521,0.8504075526829261,130,1696,548,4.849527394775038,5.096820754716983,81.75754063860668,19,0,322
4,11,Op8K7yresDs,0.883383369,0.9736573665517241,47,589,263,6.138911606401042,4.984034244843407,81.65025069537263,8,0,97
4,19,87DX7150ovo,0.83214917,0.922125242105263,10,179,113,10.64899441340782,9.915022346368719,55.85867877094975,9,0,24
140,1109,hCicRpU3biY,0.8423596495000001,0.8931031663683301,113,1245,452,1.590970039449835,1.64425205245762,102.89781853076022,15,0,273
11,135,EAuf42kd8Aw,0.8341164171428571,0.869037368947368,39,570,232,4.387165991902833,4.166491228070175,91.22248987854255,18,1,123
47,293,pgUZsOGOlfk,0.8171320225,0.889217813012048,90,1157,455,6.133750120042254,5.71113425525785,77.01375026409296,16,0,189
7,25,t9o7jGViy4w,0.821843565,0.935682809333333,11,171,121,9.699920255183411,9.794364699627856,52.53004784688997,5,0,22
6,455,OMn8Tq5Eyao,0.888725792857142,0.9196150654347821,51,630,302,6.023708683473387,6.197170868347339,72.63390756302523,11,0,103
2,223,gP4u3F61Mlc,0.8670387961111111,0.886392911782178,72,1053,409,10.349451566951565,10.632078584995252,44.88464209401711,15,0,120
4,94,Ika3dP47fAo,0.8546716566666661,0.872358353404255,13,135,105,5.044529914529914,6.378518518518522,67.82794871794873,2,0,20
7,366,nTyL81Ls3ys,0.891275939333333,0.9377741039090901,36,591,251,11.069500846023693,9.720452622673434,54.6116772419628,12,0,80
12,4,Bn8MJALJsuY,0.8385594838461531,0.9403955335,82,1434,492,7.97352586998673,6.97180596659523,76.22588223288092,17,0,234
27,257,oioFVbsiwEk,0.8787710747619041,0.8384729160574941,66,695,281,4.308403313712667,3.033364944408109,92.0704834314367,9,0,116
52,96,orqdxsg-Dr4,0.874214068333333,0.960341487186644,59,749,381,6.857631191871651,6.281177162770703,72.64071575660203,14,0,115
3,14,LI4AE9ys4eo,0.8974805466666661,0.9558719756,9,186,131,12.909139784946234,11.692580645161296,48.04220430107528,6,0,29
1,323,KReNoBISy3A,0.815025967777777,0.8406326796511621,27,420,221,10.301492063492063,8.401428571428571,62.534682539682564,6,0,69
45,184,f6HtqolhKqo,0.831398784,0.9032072268734491,24,349,166,10.537968003820438,10.164917621776507,48.08552351957977,8,0,39
2,84,1p1cMFscF8s,0.875665913636363,0.8725002090896351,44,593,314,11.710052889774644,12.271195385558794,31.08878909244215,13,0,73
2,432,PxPKW04fSoA,0.8124020182608691,0.7505377690909091,166,2410,607,3.871658551217319,3.414371844223367,96.44148027795832,20,0,525
20,98,_CUOjdA-VG0,0.8424030036,0.9181976602343751,109,1733,609,8.199674002234023,7.680809541707916,68.3130111118758,26,0,234
21,134,u3QmJbB9lvk,0.8531734200000001,0.8577080496186441,13,283,153,11.52337863549878,10.120494699646645,61.277039956509945,7,0,38
15,136,sRxqRU6CCJA,0.8646633775,0.838356925,38,602,277,9.673328379087256,8.75885294631929,60.482505682811706,18,0,83
10,11,HSJVVLcUcus,0.8239874810526311,0.8685094305309731,78,1392,356,5.9033570954907155,5.060373563218391,90.56813660477455,15,0,284
3,86,q2vPQYP0dpI,0.8796067922727271,0.8505663610191081,139,1652,470,4.512839505635203,5.030822199383355,80.16239143310051,18,0,305
18,128,w0nV-_ddXoc,0.848277997777777,0.93890103273666,120,1495,556,5.677541248606467,5.741392140468228,76.08932343924194,19,1,237
9,202,afYCN3Upy_w,0.8999981763636361,0.88157951516923,33,582,239,10.452614807872543,10.224951577631991,53.167080599812586,8,0,68
24,389,jnfH_Napq9c,0.8466070533333331,0.8406136530232551,83,1390,464,7.535342896766924,6.561469186096907,77.84831802028259,20,0,259
5,631,6B9lnKVX7YY,0.854471036190476,0.825723521237524,139,1706,486,2.710154891327263,2.483723042667858,99.11573603953885,14,1,298
22,293,sLn6OoH12uY,0.8386558385714281,0.8914712441,75,1138,359,4.226842413591097,3.879972583479791,94.27044628002345,15,1,201
7,80,f0D1DePVVdo,0.8476801209523811,0.9145679177027021,71,818,333,5.231908123557972,4.958740659113605,80.03127638692794,8,0,111
76,567,8JDuBDIy4C4,0.8610893966666661,0.9388592874912891,131,1839,596,6.273129646464014,5.335891477694897,81.81040309826534,20,0,319
38,1259,YcCqXGrqxAo,0.8665522323333331,0.827672962864173,120,1510,589,4.961825607064018,4.751274834437087,83.410598785872,20,0,282
10,52,rTbIazck7rk,0.8773601055555551,0.9290264561596381,55,984,415,9.85444844789357,8.72769844789357,64.35499556541022,15,1,142
1,531,x6JGB8sTvUw,0.8353776857142851,0.7769296004700581,159,2062,502,2.4186899206363752,2.383642735574547,101.07143327294136,17,0,422
6,86,vzA7Dj1pCOg,0.849525718666666,0.8797562786415091,65,910,371,10.139637362637362,9.151978021978024,54.38302197802199,18,1,124
41,322,cW1V2_GTAlc,0.8220844215384611,0.8689395287499999,64,886,355,4.103285835214447,3.620123448081266,93.76530932562078,15,0,188
33,736,Vgo6TXqQKMg,0.831536733636363,0.8298709556675751,155,2055,592,2.879295031787144,2.931010124793975,97.66273604897576,26,1,432
56,98,Jd8QFD5Ht18,0.828785392083333,0.93858173963374,164,2161,591,5.737692746131536,5.9302683660455315,76.01489126815726,18,1,359
1,17,vhF1aEOaIzw,0.89157927,0.8799059615384611,50,676,267,6.49016272189349,6.021261538461541,75.97373846153849,14,0,111
17,80,QfRpnA3CKos,0.884825014,0.827692350666666,16,259,145,6.394831081081083,6.760190637065637,75.42708132239385,5,0,52
1,86,n4hTBVFyyKs,0.8638714437499999,0.8305811408737861,98,1220,382,3.5843012713282043,3.512151221144197,92.05518735362999,18,0,252
17,76,pLrDuFCN3BI,0.8594131866666661,0.885392282903225,20,256,143,2.926875000000002,3.4145,93.38050000000001,6,0,48
60,257,t0JF2Gbv1XQ,0.837308804615384,0.8900506010497231,111,1348,454,3.915336167027561,3.992507017403159,88.06833761060766,15,0,265
2,13,BF7N0LPdItk,0.7720215707692301,0.9353203026271181,55,939,356,6.372721463839674,5.658139994191114,84.90490386291027,14,0,171
33,227,U3z9nMMklFw,0.783598551666666,0.8554190129729731,25,292,186,9.089109589041097,9.332323287671233,48.95788219178084,3,0,32
13,32,WpSSVwKYsv0,0.869731097391304,0.938194467070063,87,1484,471,8.982462047278247,7.840041825448463,69.23460467205751,21,0,165
3,151,PT5cFR296-w,0.8623670815000001,0.9262194567241381,73,1066,395,8.493508699786688,7.450847104782959,67.65280642010846,17,0,161
5,141,f4D5IgUYn3w,0.8201172480000001,0.8552082118713451,17,296,197,12.242064785373607,10.614777424483307,49.97219395866456,10,0,45
10,170,0ttVVGfydkw,0.8681789050000001,0.822137925254237,10,163,107,7.582699386503066,6.403809815950922,78.18252453987732,4,0,25
57,543,xlxVZhjfo6s,0.853877245833333,0.8833529812759641,44,452,225,2.108708769107,2.017691069991958,98.89358004827032,11,0,95
1,0,3R6gfAa2w8w,0.8604284016666661,1.0,34,323,203,7.365789473684213,7.25803405572756,59.946679566563475,7,0,43
18,25,xmJ3zYQhUuo,0.0,0.991512698405797,0,0,0,0.0,0.0,0.0,0,0,0
54,667,klqaNGRnlDs,0.8303730185185181,0.8139055066279071,127,1869,559,4.362537379456782,4.298084452926531,90.45919326095475,21,0,363
1,18,aVWZDhk-DVU,0.8786343266666661,0.978046245,14,267,140,8.00414125200642,7.8905537720706285,72.45952247191013,11,0,32
33,337,eUiSCEBGxXk,0.8722618669230771,0.934231916975609,164,2103,461,4.1799305869663534,4.151217279612169,88.13988113670369,17,0,389
15,376,6XEbW-uxsPc,0.889529356071428,0.8863141026491991,63,975,406,10.529572161172158,10.330227106227106,48.56482051282053,13,0,128
8,2,t1cZrBYbdYs,0.8838903533333331,0.9738022223076921,18,181,123,6.939600982197668,7.17255064456722,61.54905310006139,5,1,29
23,411,B-IfZvygQnM,0.8829719025,0.95957787622276,53,864,383,9.763964229559747,8.959402515723273,59.863584905660375,8,0,124
1,81,oiAO69i7fHc,0.8562253375000001,0.9716219853260871,91,1257,472,5.852870256235413,5.877811114899423,77.52440058747936,18,0,225
4,102,PUQFQVm96YM,0.8866068667741931,0.9435335910492221,55,894,408,11.163984136668702,10.983500915192192,45.267508846857865,15,1,121
34,159,r8avZUjw_zI,0.8735119825925921,0.877525714753521,71,641,267,4.929373118586717,6.100408692404034,67.40588582979942,5,0,103
6,94,_cu7Xt4wb1M,0.8330108553846151,0.849486058214285,56,839,319,8.100952239060106,7.327171590328625,69.21525253277714,14,0,122
4,81,sBx5OHKW2nM,0.8519919075,0.9270302017751471,15,293,148,10.455984072810011,8.701037542662117,67.47146530147897,6,0,43
1,30,wbWL2wfvsM8,0.8696823709090911,0.832525109056603,71,984,245,6.321223806252146,5.740273674567732,78.59234799038133,12,0,183
11,49,FHjK1dwlpm0,0.87784959488372,0.9292323033962261,93,1364,540,8.21367790811339,7.579120234604105,66.8470136852395,15,0,241
2,109,p0VF1FjLt-U,0.0,0.9747903386956521,0,0,0,0.0,0.0,0.0,0,0,0
1,49,Zpb2VHgjCQs,0.83904105125,0.9492236103163011,76,1311,481,6.997837528604119,6.5108028222730745,79.10748569794052,14,0,173
11,57,Of1Aewx-zRM,0.8607411704,0.9196254940579711,97,1434,513,10.64819609196394,10.38532991128557,46.936018418668866,21,1,189
45,457,Vd_0FgUXVR8,0.8282023812499999,0.894382986317494,92,1520,562,9.029843249427916,8.460320366132724,63.833329519450814,26,0,197
21,90,AzUj-UTvZDk,0.863081364444444,0.961013036463878,79,1151,408,10.255965643524068,9.58111801515468,52.32085803209099,19,0,185
1,0,povArl9xZSg,0.84367172,0.964683625625,23,378,170,7.820407177363698,7.58305728088337,69.96798136645964,10,0,65
4,287,YtrM9STzEjo,0.852373701428571,0.8872796656249999,34,458,272,7.538962239917801,6.97706652966864,69.03309529925508,8,0,63
1,19,eTqPsqnbwoc,0.85254527074074,0.8582653112171831,124,1934,405,4.548402608666642,3.9156995363111733,94.76849342829505,25,1,328
32,118,imZwSsB6eGo,0.8530134566666661,0.8838862999074071,44,542,271,7.714238510566925,8.067965447836297,59.159351727608225,5,0,71
1,1,kvQkyNOv4Rs,0.80991569,0.7226250200000001,14,86,74,2.507823920265782,2.310365448504985,89.43953488372095,3,0,10
4,26,oj0pjco--Yw,0.0,0.9494330743697471,0,0,0,0.0,0.0,0.0,0,0,0
1,59,Aoy3ZCZwbeo,0.8275726655555551,0.8866547805925921,45,656,294,7.290824864498646,7.165760162601625,69.6522750677507,12,0,117
30,239,wP3Bra09rcQ,0.894913508,0.886552272907801,20,365,202,9.95458904109589,9.405308219178085,60.13645547945206,8,0,55
6,38,XFxMOiJRZQg,0.8690966024000001,0.9413724162217431,56,971,437,11.38627519493894,10.433907422392235,51.139847451081366,11,0,123
1,9,a4gT5s-SXSc,0.8591520957142851,0.8522965680000001,23,461,214,14.195339998113745,12.857759124776006,38.57850514005472,9,0,37
7,70,VXFRWFHx6tA,0.864782354705882,0.94887282984466,40,741,324,11.700313765182187,11.11032354925776,48.40216548582998,12,0,87
17,191,bBZXkNbpOGQ,0.903159195833333,0.8785620757961781,62,755,266,5.151888485366374,3.8505842768639162,89.14511803033542,13,0,115
5,14,oCGgwc1Cb9A,0.0,0.9298471328676471,0,0,0,0.0,0.0,0.0,0,0,0
13,1423,EccSnNgQP7c,0.8534935972000001,0.828323770553505,136,1704,742,5.803050952775475,4.794357912178956,83.00567522783764,20,0,259
28,694,hv0bBW_Ah0Y,0.817609781111111,0.8758878374533101,45,619,309,6.920507987793933,6.073535810446959,76.01850691078802,8,0,100
1,32,xQHL1JVl3bc,0.907851665,0.9539472963636361,7,135,88,12.076857142857143,12.122539682539685,42.50000000000002,2,0,18
18,68,PuF0aJS_qaw,0.82279879,0.8724220880882351,11,117,81,9.209463869463875,7.821429681429684,57.93139860139861,6,0,16
68,544,eawWLRnX_gc,0.8700301180000001,0.818697998380952,60,645,279,1.850302325581395,2.195368217054262,98.46979651162793,15,0,114
3,49,HGuGIM54pK4,0.873567595384615,0.9916547417021271,31,428,218,7.053389357853479,7.549656315948145,65.52612451009949,5,0,56
12,361,MdXWF-vvQMc,0.0,0.8049182219347111,0,0,0,0.0,0.0,0.0,0,0,0
54,82,8gAO1wfdHnc,0.8451115394117641,0.8834955971590901,96,1181,368,3.389551404177254,2.676398444115158,97.78547263089192,13,0,207
3,17,shsNVuFRKDo,0.907471756666666,0.845361561589958,11,145,100,9.945253918495297,9.570219435736679,49.92717868338559,5,0,19
10,48,ayuVb9-nFVo,0.8403541271428571,0.9479181148891621,41,520,241,3.914501876172608,2.994418386491556,96.18375234521578,11,0,114
24,687,prFYht1NwmU,0.8652483230000001,0.8387024571035381,58,560,259,2.9104433497536952,1.7876600985221671,99.44285714285716,9,0,94
101,605,WYa2xthIbDc,0.875248236,0.9050501361489081,45,592,289,8.116983858858859,7.7987747747747775,62.580759759759786,9,0,106
32,419,Bkji1VNnolA,0.851021527857142,0.890770749177852,41,866,355,10.494578381118686,9.053103700782966,67.77681997408891,15,0,120
18,33,_L2dpW_bFRc,0.91283832,0.956428911422413,12,145,106,7.934287356321839,8.40939655172414,56.293175287356334,5,0,18
85,1744,CWJcgEDBbKU,0.856241906888888,0.8728399700977191,125,1555,655,6.516578778135049,6.244493890675244,72.44968617363347,16,0,235
3,21,wQ1QGZ6gJ8w,0.8657773026470581,0.8448688333762511,88,1426,383,6.463520974117049,6.063152811424199,80.45484779421142,16,0,233
7,167,hFMF3lJUcAc,0.878595316666666,0.9567409980578511,63,1031,394,8.904615337243854,8.830014318045357,60.90378489061325,22,1,139
15,61,2KnD9MzCzsM,0.8719070416666661,0.9355181562499999,56,856,345,7.9085697596795725,7.147830440587452,71.04172897196264,11,0,136
65,365,53WxEvd7-_w,0.841774032,0.925918109027932,61,786,370,5.248844324865473,4.718197555583366,84.18548304342387,13,0,124
14,107,wvMoHXD3agg,0.8025929933333331,0.8603991847407401,43,440,234,6.401324524312898,5.993424947145879,70.31804439746301,9,0,70
35,246,sWN13pKVp9s,0.8577690779310341,0.8079723694625721,153,1987,663,4.4486578117239155,3.674096726763178,91.85226143132981,19,0,377
27,138,3hhpoOzUMxo,0.8615984461904761,0.914323389090909,80,872,418,5.317626146788989,4.994256880733946,78.67035321100919,15,0,153
45,184,zLbAxztnnfE,0.831398784,0.903207222605459,24,349,166,10.537968003820438,10.164917621776507,48.08552351957977,8,0,39
1,63,m3xKf7bNQ0Q,0.8693313185714281,0.961873087592592,12,221,115,10.220098039215685,9.212409502262446,61.81629147812973,4,0,21
10,76,GZdmuwRYNAs,0.87028925,0.9140099741428571,16,268,147,13.219067164179101,12.517126865671646,35.15464552238808,6,0,18
20,8,UTuF58aK5po,0.0,0.8927879277976871,0,0,0,0.0,0.0,0.0,0,0,0
1,28,l0V-Xmps1mE,0.820685913043478,0.803157842278688,87,1762,464,9.40225971009955,9.385805706681278,63.843600075671596,21,0,256
12,59,usIZ0YSQFD0,0.862270573333333,0.9404596089743591,9,167,106,11.961849634065203,10.936487025948104,49.702907518296755,6,0,26
78,649,NouXeM-NzX8,0.8500640078787871,0.892049792518518,144,1668,602,4.788609112709835,5.1843345323741055,78.52467925659474,27,0,303
8,137,Ab9OZsDECZw,0.882668852222222,0.9085201371428571,33,605,312,10.165608815427,8.158016528925618,69.22732782369148,10,0,73
45,257,wjIp17OaN_k,0.8480014653333331,0.965328644382978,56,809,405,5.133906498322442,4.936319751015365,85.40228291100127,13,0,149
72,816,rd2cf5hValM,0.81831875,0.941926111205673,105,1934,705,9.281380065987097,8.024348943713992,70.33832230265426,21,0,302
94,695,uia5mqvTeh4,0.8476347585714281,0.92708472375,31,188,112,-2.614231297185998,-0.6088812628689091,110.22951612903228,6,1,36
11,301,hfLn2N8KepM,0.8163145942857141,0.8312802543529411,39,556,278,7.189697933960524,5.9721582733813,77.6374054602472,10,0,90
4,153,49OlI6LmMDU,0.845628378,0.919093086502732,24,255,146,8.356029411764705,8.359240196078435,54.05533088235295,9,0,46
17,1141,cUU4blxYRF4,0.8448998814814811,0.8147011938567491,102,1501,442,3.9394354090736883,3.28556001881099,97.71696617287823,18,1,309
25,40,lSs1XdHx_8M,0.862206058947368,0.9523739577844311,79,1401,427,8.253876616160245,7.969298421561454,69.5131827175887,18,0,186
4,105,E1myFSlpy-A,0.879535838717948,0.9304892788801261,88,1354,556,9.569681079629383,8.720726131328053,59.94413337585605,22,0,198
1,87,2OFHQnz9vSg,0.770889619999999,0.9227703851219511,13,145,99,5.682992042440315,6.175172413793103,70.6559151193634,4,0,26
20,122,fIsuxH01R90,0.8742609033333331,0.87352516510204,34,291,162,2.919514857489389,3.765123307054782,83.31274257125531,8,0,54
20,177,mbD2oAjPU0c,0.8512447366666661,0.8511903589104111,41,471,199,3.52390243902439,3.170498679509091,92.79271244368496,8,0,78
63,714,XRolebcoL2g,0.88693389,0.9228700816625911,99,1488,474,7.001603128054739,6.718861192570873,73.66230694037148,16,0,268
22,279,wch09JVlXKg,0.837810469166666,0.9154322486754961,75,1208,459,5.83373896247241,5.177858278145695,86.62762737306846,20,1,248
2,53,RudR2_VVoaw,0.883582635555555,0.9101229472871281,52,792,368,9.461824009324012,9.092929292929295,56.99849650349651,12,0,110
3,120,ufCiGz75DAk,0.900363965,0.8506744783280751,12,226,103,10.182020648967551,9.50721238938053,60.44483038348086,8,0,34
39,420,lqbL-UhhyPk,0.8312226251851851,0.8861816337974681,161,1892,621,2.641014241067324,2.720272609089594,96.49036630204984,21,0,387
42,156,VUo2XW0z218,0.871686366551724,0.913216702715355,120,1649,733,7.814047402466141,7.601633262583384,65.03808765413385,20,0,249
3,88,LtdWg4ygm_E,0.87605962,0.9338447560339501,71,1129,465,10.275124065918988,9.57098242243541,54.765575294103,17,2,161
39,1033,jsxFbDIvQRw,0.8429335678947361,0.8230047995,177,1591,448,0.88301150184477,1.050602648371668,103.54013014591257,16,0,371
34,351,Ows34T0UjsM,0.7892456966666661,0.8508173271914891,74,831,296,1.284828763781831,1.6971758220314181,102.89603010049763,17,0,165
1,0,e8c5AZFKsJ4,0.8546229999999999,0.9999954400000001,28,340,209,10.934310924369747,10.420420168067228,41.981176470588245,7,0,37
3,49,yIc2XFNLhm8,0.868011257321428,0.8456759119305021,111,1309,412,4.414631690514046,4.829662833192248,81.44056359644597,17,0,251
1,128,5qBJNZeIavI,0.8877131484782601,0.9173102520630371,89,1612,531,12.084870842278413,11.933497644073942,41.765471185212036,19,0,216
1,22,JHgUzLCWqvw,0.85439226,0.9749240444,21,255,122,6.011899159663862,4.740224089635856,82.70529411764707,7,1,40
1,50,ArmlWtDnuys,0.828694032173913,0.844335340852534,149,1965,481,5.454112403299348,4.9923725600696764,82.75888006557715,22,0,372
68,1050,aHtD_63rjFQ,0.8728018999999999,0.8471764980804951,89,1310,488,7.351062012179433,6.445258598507593,75.06961617634447,18,0,252
19,299,DUlLEmobwys,0.91283842,0.915287134230769,6,87,71,9.099310344827586,9.596034482758622,52.08991379310348,3,0,16
4,256,sT-IOqAzf7k,0.828658550344827,0.857346002738095,100,2008,563,9.174028884462153,7.619984860557771,76.19573227091635,16,0,354
3,555,WNt0puFwrTk,0.8609313328947361,0.8259435109328581,117,1641,426,5.786166033844282,4.67134673979281,86.55253925842594,22,1,267
27,377,KWBjfoioS20,0.8524229333333331,0.953293192064056,76,1425,392,7.227905263157897,5.890780701754384,86.22438157894739,17,1,250
1,104,wH6aT1GzY6w,0.8496416358333331,0.7718420176571421,40,431,179,1.409634570765661,2.137075986078887,98.93224970997682,8,0,98
1,9,0Y4kAKn6bGc,0.8757786280000001,0.8952539380423281,16,251,114,5.629048804780876,3.832507470119523,95.52653012948207,8,0,42
12,37,yUZno6t4mTg,0.8112425075,0.974895688181818,14,245,140,10.004897959183673,9.874183673469389,55.439030612244906,6,0,40
19,196,wbShOXhO6p8,0.890457537142857,0.9367512729729731,17,299,163,12.19007082431635,10.725599055675783,49.49197127680505,6,0,40
18,284,ISn43u0BiEo,0.883570826,0.9142756977943161,42,611,262,7.243089392876627,7.3297252747252735,68.42301282051284,12,1,86
2,80,rfepM3L7Pqc,0.8275472115789471,0.8402344632327581,64,1189,374,10.192939707737594,8.516864881202693,67.09056645552988,17,0,177
1,1,hep2KRYD2j0,0.8529342093333331,0.9569915411111111,76,1012,456,11.737934262533805,11.139323902641983,38.91611400041607,10,0,107
1,128,epNcLy6knx4,0.854590522142857,0.824479426568627,101,1181,369,4.149879276666027,4.367248765520078,84.57821966616648,15,0,250
23,165,5w1vW2VEZcE,0.860507015,0.9091145134387351,78,874,413,5.99807897670598,5.710434782608697,74.07918617614271,16,0,151
36,130,9A3gDnv56bs,0.8407518575,0.8190622519047611,53,549,296,5.5233436436746075,5.644711138605356,73.04244355088156,8,0,97
5,66,IE_ywuQoJSg,0.8644560666666661,0.926905433099209,67,1282,541,11.205877127622422,10.6308903997951,52.92473315947565,17,1,191
40,267,QUgwOq0SSTs,0.825238388695652,0.8223110785430461,145,2046,545,5.390597633734451,4.752428422152562,86.12209090909093,18,0,381
1,31,2YVVfWIoHkw,0.880719771666666,0.9392119811656441,44,732,310,9.370067064083457,8.646542473919524,62.70236959761552,17,0,116
10,47,oIyXFT6YGBE,0.8536499325,0.8546053841333331,17,253,143,10.249990699837245,9.243366658916532,55.29937223901421,4,0,27
31,411,sT5SmIM60zo,0.781964145,0.920031381355311,31,493,275,12.240314728783616,11.172501472224042,43.28673493424067,12,0,49
27,496,Bv_0QWtqfVY,0.826510390689655,0.746320747741935,197,1713,444,0.512164072292797,0.35206474229614604,108.02594966529466,17,0,416
13,265,B6jI_B8ExIs,0.8645240225,0.8703488663432831,42,567,273,8.155608465608466,8.092989417989422,61.08488095238097,6,0,82
4,1713,aJ4s-IiKM5Q,0.7794878478571421,0.826383471380368,74,570,248,1.4266145092460891,1.718966334755808,96.45780938833572,14,1,134
87,866,qFFPcIcAUUs,0.8460320583333331,0.8546819995696721,48,770,376,8.330235930735931,7.737938311688314,68.15738365800868,13,0,139
5,141,Rg-ao84fnrw,0.8201172840000001,0.8552082070175431,17,296,197,12.242064785373607,10.614777424483307,49.97219395866456,10,0,45
5,15,p1sEh1IUsKM,0.0,0.9123763349629631,0,0,0,0.0,0.0,0.0,0,0,0
33,187,dPomv-2PEeo,0.877262379,0.946924680172413,30,269,155,4.467199504337049,4.7077434944237915,77.28104522924413,4,0,46
1,37,RV_lBWGgK1o,0.84624406,0.9730416243127961,44,754,335,8.539322401736193,8.621033277067763,63.775808415722224,18,0,132
15,137,zsVRO4IZoFw,0.83899495,0.8874291401111111,32,262,136,4.829513358778623,4.762666984732828,75.49949666030537,3,0,43
58,634,hkrK-vg7KD4,0.8913326869230761,0.9524896536399999,31,430,244,12.056739684921233,12.925723930982748,27.097363090772703,9,0,42
13,136,w7Nq9uQJOXE,0.8924443221428571,0.9752856756994811,38,490,262,10.1533888292159,9.258131041890444,51.65337271750809,9,0,74
9,19,pqjgCORDIys,0.7681675936666661,0.882557006329113,47,190,157,4.884960806270996,7.040279955207168,51.78759798432253,6,0,24
2,3424,i32a5T-JsEc,0.8274667171739131,0.8069709724049081,169,973,272,-1.93802325510682,-1.471850739188868,115.86955709481445,12,0,219
12,88,yvVYwkV1Buo,0.8401145950000001,0.9468800980000001,8,126,78,7.15404761904762,6.192182539682541,78.72017857142859,7,0,20
29,341,tbMzKylq9Bc,0.8275125188888881,0.882482535714285,79,1127,388,3.025848393292374,2.799757842597689,100.3986681342873,18,0,262
23,161,KYQ2dPW5nEU,0.8738401448888881,0.8680186378289471,107,1589,528,7.079078830511165,6.702374502273219,73.46020238438332,22,2,274
9,139,mjnseqLiVXM,0.8478065466666661,0.924894349444444,75,1046,357,3.631354365838113,3.284955258126196,96.35159987253027,20,0,196
23,215,diG519dFVNs,0.9060958040540541,0.9082662374876841,54,707,278,9.019379747498562,7.357978154958353,65.62890394991882,12,0,94
5,68,3lMehvXSJWU,0.870432446470588,0.934259181986656,86,1451,614,11.581794271793314,10.800453977208981,47.67977733880405,19,1,200
27,341,oozg7j3qpEY,0.841543347,0.913780276545454,81,935,321,1.640150392817059,1.62051495345613,104.00398956889155,20,1,203
4,90,met9SntRZe8,0.8795192754545451,0.9365975838954871,74,1233,527,12.834730716117583,11.685047785011289,40.963781317814195,13,0,158
29,125,ZRLB5I0ZAi0,0.8433232111111111,0.8785314296632991,66,918,403,5.934545454545454,4.96373935432759,84.24864527629236,13,0,155
6,24,ETvIajBXFCw,0.8432909507142851,0.840762220614035,77,1624,445,10.406162673533366,9.790503806538286,62.4347469771608,25,0,268
40,162,Yl3z1ql_RXc,0.8302078921428571,0.895584258250497,67,1103,476,8.314471116764324,7.904609139253868,67.71231783061124,18,0,175
21,191,jzeYIytL3wo,0.8441337908823531,0.9113517722946861,115,1579,515,5.456446017016823,5.428454112399152,80.59867202687448,22,0,260
5,177,Xa--z2elP2c,0.8344669869565211,0.889718688533333,76,1004,457,10.06226514992661,10.341388131683793,44.449423359194824,15,2,131
81,601,8J9DfeOYBKs,0.8226604743478261,0.984753787,129,1943,556,5.97366858570021,5.023558151503909,85.87325086675683,22,0,373
2,81,auIwEV1SiBQ,0.88794774,0.9201504295510201,26,319,159,5.124458644803468,3.732304075235109,90.15665239932483,10,0,38
17,180,odKDsbjKWps,0.799181143333333,0.8988577737354081,11,212,135,8.84593910806175,7.733910806174958,73.94110634648372,6,0,34
1,0,bbqOggZHtaM,0.854667371111111,1.0,35,555,276,15.072571428571429,14.683294723294726,18.03405405405408,9,0,66
17,143,rUK0EiV_31o,0.8565915294736841,0.7805855983606551,111,1541,503,4.412570578365514,4.373318483960926,88.43498354291997,24,0,319
35,163,8ZujKJYrEJY,0.87447817,0.9345103448695651,56,737,315,6.386897169994185,6.177956726109709,74.2103892469471,16,0,124
12,126,xuNEnhCZFLo,0.875303477499999,0.9745933061538461,16,273,158,6.94190934065934,5.976462912087914,82.60447458791211,5,0,53
15,154,mZwAHIHVomo,0.8331517909090901,0.8827560477094971,112,1784,651,8.006499839846253,7.812837924407432,67.41895739910315,24,1,264
42,300,t32eoUB42rw,0.8050402837499999,0.9083229205369121,57,769,388,6.311556817922572,5.277040585859972,81.2581785412817,14,0,126
1,44,afH4-_xFVmY,0.8635625265384611,0.955706560234139,73,1006,418,8.02721016367548,7.120902257686758,68.5544240039217,11,0,120
26,176,LMvNeaUMRlw,0.8798930060000001,0.8623960057718121,21,295,178,7.148046811945122,7.048571428571428,69.5481920903955,8,0,49
36,541,hg1gPLAG9Q4,0.857923799117647,0.8436603530769231,175,2013,586,2.066406216734087,2.03848885103967,100.93545692995532,21,0,468
19,152,_P7nLJWuvks,0.821187185555555,0.9290196697457621,32,255,159,5.882727941176473,6.629185049019611,61.72789522058826,4,0,38
1,5,Va1BZ7_hxSw,0.8487789404347821,0.961016953333333,101,1537,640,10.789197163047469,10.252172355817237,48.66425246558489,18,0,171
1,58,VIrkurR446s,0.870856597826086,0.8770755815959591,99,1753,483,10.425423545206776,10.385580736054212,52.141387693247374,23,0,218
3,31,zD9aXZY0pdY,0.8707786177777771,0.9231133748911651,59,993,404,10.01824517384403,9.250232645467424,58.720009729120804,20,0,145
3,68,T9wPrmfQ0vw,0.849459593636363,0.953736358333333,51,760,317,7.036256707946336,7.518080495356038,67.70372033023737,17,0,132
10,67,LWDQyaKVols,0.872151870930232,0.9209432151604271,95,1493,559,10.018906123312302,9.934469348186276,51.82895258575106,22,4,204
3,59,7fuLw031H-g,0.8499268275,0.827114426693455,128,1894,490,7.526510361668425,7.525659813885955,67.46221200171597,30,2,304
35,252,_VuxMIc3fOA,0.8189437153846151,0.9247687882608691,87,892,540,5.039284315241481,6.571625173960108,66.20882660687596,14,0,133
3,25,BtqlMr1rUT8,0.8641223086363631,0.8219565232624111,96,1540,434,7.275073593073593,6.289756493506495,78.54011093073593,27,2,266
16,385,ux-A-WUMTjY,0.865194160526315,0.9018450279831931,62,931,350,6.031061293787463,5.488417068015661,82.45872033193585,15,0,190
4,16,0ju0YMLt2sc,0.0,0.909004142631578,0,0,0,0.0,0.0,0.0,0,0,0
28,276,aLWlxC51YFE,0.83618890375,0.8332986071428571,72,1133,434,10.86104761204276,10.866412547808181,45.18358861675003,15,0,173
64,209,pgUA4ScsRWQ,0.8485292890909091,0.9327118265337421,57,858,426,8.960126978284876,8.324349159612318,62.191543982333464,19,0,129
46,225,tpPGevlDwWQ,0.84879569090909,0.8855762365048541,56,698,327,7.893288988948015,8.25588518215309,58.07228868194844,7,0,99
19,65,Wa7yYFPVb6o,0.8850648040000001,0.845140250813953,15,263,148,11.746286438529786,11.707315589353612,42.35577693282639,7,0,27
74,315,mLmKq5bQOg0,0.82432735,0.9313638177192981,34,537,201,4.201919158724944,3.248663051812904,99.90229461058168,11,0,117
389,2381,7vwKMmqSzsg,0.793014371818181,0.8542333005,88,524,249,-1.401448646773076,-0.74711658570437,111.0247241498959,10,0,120
13,32,DghH1bas9SQ,0.839730513333333,0.940993916083333,28,387,225,8.032729789590256,7.698548357327429,64.48531976744187,6,0,54
114,712,3UKB4T4g4Ls,0.8365390351428571,0.9169637244108101,167,1982,694,4.023778557919481,3.5713170027251273,90.59668432056172,18,0,388
27,343,WI8_9PIyWN4,0.8636843706896551,0.8233370845965771,115,1722,507,5.862479169822755,5.489779629349091,82.37376049083474,16,0,313
11,37,Xe7PKGINr9Q,0.8659123292592591,0.938406502918781,108,1537,563,7.675955444709512,7.287929046483047,68.15959736981615,22,2,220
4,35,mvqyBhUJATE,0.8592700962500001,0.952655942650602,104,1406,517,7.335298172666597,7.105544096728309,68.19861377065325,21,0,221
26,745,irZC2hV9T-0,0.8825281916666661,0.9150944179230761,51,760,355,9.51520407636739,8.713606811145514,59.1324045407637,8,0,114
1,83,e_oUWPdb9xM,0.8672770320000001,0.9191475137551021,41,620,320,9.29354012588513,9.339819040125885,55.03460660896934,14,0,89
3,26,kuR_Lwcp67U,0.863954569285714,0.953600906528925,65,957,368,6.346460091632505,5.983974921630093,78.38386689172899,19,0,171
1,0,s9Lsyg7lgHI,0.835099985,0.98457773875,80,1517,440,9.430986321687538,8.474722396176663,68.07731760876732,20,0,273
2,51,tpjVmLIUWCo,0.8436456113043471,0.87287852893864,113,1933,528,8.96258518786425,9.046961712959362,60.668384143131206,23,1,265
66,390,Ru5pFXXHRZo,0.8576726144444441,0.8609409903191491,78,1125,483,8.347671794871793,8.338111111111111,60.97157692307694,10,0,152
1,0,XK0r8kINlTw,0.88391144625,1.0,33,528,264,11.226136363636364,12.752651515151516,32.13022727272731,10,0,65
1,18,UEt6sC6qdlA,0.880731728214285,1.0,100,1329,616,9.884909706546274,9.91680203160271,47.635040519187385,21,1,157
25,16,cnDgRMUyXyY,0.8501934346153841,0.9975851857558141,91,1400,486,6.727257692307692,6.727714285714285,74.22990109890112,17,0,203
42,104,mco8vQPhFho,0.814208734,0.8550117484242421,17,315,176,11.893086834733893,10.179327731092439,55.08478991596641,7,0,38
13,647,s7jBQIojzS0,0.8304946111111111,0.8770147292422501,108,2045,648,9.595343203839533,8.372423933713666,68.76209510549671,31,0,293
2,124,QTKS0AUbEao,0.8577112814285711,0.8743057636936931,25,386,224,8.363549222797925,7.703620725388603,67.33179378238343,7,0,62
3,50,pD7YdUdEHdw,0.8576821428571421,0.93160818,41,486,243,4.6645453176753975,4.159264277827965,86.35538843721773,11,0,95
10,23,czY5nyvZ7cU,0.84391850625,0.832335725792,161,2083,417,4.579904253003463,4.246846968806938,87.65858836544284,14,0,382
4,4,OaxRva_GajU,0.82480167,0.9054076084090911,34,302,162,0.8530307752239951,0.6509388391118051,106.21610050642774,8,0,60
101,760,f_4Q9Iv7_Ao,0.8569260248148141,0.9045894292330041,140,1945,620,5.974053250091806,5.941736136614029,77.20799164524423,20,0,330
8,29,cc8sUv2SuaY,0.851771046428571,0.858233000495867,173,2201,478,3.567977719008439,3.235853697609862,94.52334498506985,18,0,405
45,295,Oyy-3yAwcvo,0.8450046907142851,0.9073628144444441,58,622,273,1.780091473555828,1.834214436190262,101.0130225080386,9,0,128
4,0,yP9OxQM1wls,0.0,0.9963600133802811,0,0,0,0.0,0.0,0.0,0,0,0
12,8,6reJRE9Rd7c,0.848719788928571,0.995463904692737,94,1563,582,10.572447829460536,9.134582499557592,59.18786795034101,21,0,217
7,66,SDzJKaBvOGw,0.8715430445454541,0.8149118814878891,90,1553,426,8.166831222723047,6.959112899763898,75.9032254060242,15,0,241
198,1295,_eNgRJ_QTBM,0.7294910933333331,0.8598550057384341,55,389,257,2.278240243047442,2.8511399859780333,87.21864968450575,9,0,79
2,62,bhOF3Kx8CEQ,0.83962512,0.9660578707058821,22,369,192,8.898070953436807,7.676024882976105,69.90336474501109,6,0,63
13,89,40UJSG_B5vA,0.87511195,0.9289109310526311,15,188,115,8.536985815602836,8.127787234042554,59.113666666666674,3,0,28
1,36,MOH33-jFOwo,0.8184658938461531,0.8737779715734261,66,1114,321,6.601979217670419,5.981057613840381,82.24432294216857,16,0,195
28,120,L1qDCZsqxxc,0.863143025714285,0.883299200869565,44,725,305,9.832415673981192,8.739584639498432,61.751947492163026,9,0,89
240,1725,9tAbhNvWi90,0.8235427521428571,0.9037642847985341,215,2388,767,2.083815005258849,1.925305519847299,101.04182061470144,24,1,502
102,859,XOZ-Yco3Ykw,0.857438248125,0.880598479908536,77,1074,367,5.063774577377931,4.879907857505625,84.9190680548502,13,0,210
14,11,ayd0yO-yNZ4,0.8800082145454541,0.99055095115942,45,576,305,6.279479166666668,6.1391527777777775,73.84612500000001,19,0,94
39,1368,USBM2TOgi2I,0.859915750954198,0.884383615012276,1260,18564,2317,5.805742296918769,5.238439129497951,83.74724714501187,34,1,3280
82,1307,h0zD1gj0pXk,0.8849627497777771,0.8789091461764701,124,1342,521,4.7656569395702135,4.361208836113651,83.07109405797799,17,0,240
18,20,rDoCCS-fBls,0.90607084,0.9660120455882351,23,413,227,9.889398884093062,8.98447204968944,62.63092220233711,8,0,55
23,224,US5aP7qT36M,0.8766208215384611,0.868361847648578,71,1011,461,7.762893384043135,7.179008372689154,68.95467212772184,15,0,145
72,195,QSXWXPWUWEc,0.8231277053846151,0.983436258878504,49,723,303,6.253318655262934,5.832539588449489,79.52662122110257,16,0,133
32,438,t0nVO_DOmVA,0.8440432880769231,0.8675409045454541,132,1646,571,5.928311425310213,5.7114564232850995,76.32418710188153,17,0,251
172,2027,JlZjNrp_dHY,0.716911678333333,0.862898954476744,35,155,119,-1.743133640552994,-0.388018433179723,105.73225806451615,6,0,38
1,38,TJ7EagZKN5w,0.8791173988888881,0.9811269538108881,58,761,361,6.266547192895011,5.885807467488334,76.23366294349542,12,0,125
26,166,cmUXo4Crrm0,0.89371512125,0.843150865702127,35,462,230,5.549415584415584,4.550640692640695,85.94738961038962,13,0,81
